org_id,org_name,email,website
1,精技電腦,,
2,飛幕科技有限公司,,
3,永祥蔬果行,,
4,廣達電腦股份有限公司,,
5,廣益全球驗證股份有限公司,,
6,巨東儲業有限公司,,
7,大川,,
8,台積電,,
9,萊爾富國際股份有限公司,,
10,中山大學,,
11,智邦科技股份有限公司,,
12,錡瑞實業有限公司,,
13,環鴻科技股份有限公司,,
14,洋城義大利餐廳,,
15,和碩聯合科技股份有限公司,,
16,元太數位科技有限公司,,
17,松下電材,,
18,久元電子股份有限公司,,
19,林可可家的牧場,,
20,大大小小行創股份有限公司,,
21,燿華電子股份有限公司,,
22,DELOITTE,,
23,國立臺灣大學,,
24,長春石油化學股份有限公司,,
25,翌宙科技股份有限公司,,
26,國立中興大學,,
27,亞太電信股份有限公司,,
28,飛捷廣告印刷有限公司,,
29,中華精測科技股份有限公司,,
30,緯創科技,,
31,愛因斯坦人工智慧股份有限公司,,
32,南山人壽保險股份有限公司,,
33,江口設計工作室,,
34,信紘科技,,
35,資策會,,
36,中國信託商業銀行,,
37,緯創軟體股份有限公司,,
38,將來商業銀行股份有限公司,,
39,台灣之星電信股份有限公司,,
40,英特盛科技股份有限公司,,
41,桓達科技股份有限公司,,
42,群體資訊有限公司,,
43,陶板屋台中河南分公司,,
44,歐可達數據科技有限公司,,
45,台灣高速鐵路股份有限公司,,
46,碩達資訊,,
47,SGS,,
48,光寶科技股份有限公司,,
49,東元電機,,
50,中華電信研究院,,
51,金可國際股份有限公司,,
52,KPMG,,
53,長榮航太科技股份有限公司,,
54,路由藝術,,
55,喬山健康科技股份有限公司,,
56,機光科技股份有限公司,,
57,晶元光電股份有限公司,,
58,珍食堡實業股份有限公司,,
59,昇飛機械自動化科技有限公司,,
60,益華電腦科技股份有限公司,,
61,資通,,
62,瑞青企業股份有限公司,,
63,中央大學企管系,,
64,飛利昇工業股份有限公司,,
65,威剛科技股份有限公司,,
66,群創光電,,
67,古典主義創作服裝有限公司,,
68,友達光電股份有限公司,,
69,世界先進積體電路股份有限公司,,
70,中華航空,,
71,英業達股份有限公司,,
72,維康醫療用品有限公司,,
73,康是美企業有限公司,,
74,宏齊科技股份有限公司,,
75,綠舍投資管理顧問有限公司,,
76,奕傑電子股份有限公司,,
77,長庚醫院,,
78,富創國際智財法律事務所,,
79,恒耀國際股份有限公司,,
80,先驅媒體社會企業股份有限公司,,
81,COLOR,,
82,瀚庭數位有限公司,,
83,7月11日,,
84,至佳電子,,
85,超越書局,,
86,智原科技,,
87,日月光半導體製造股份有限公司,,
88,威強電工業電腦股份有限公司,,
89,查理布朗有限公司,,
90,中鼎工程股份有限公司,,
91,前茂企業股份有限公司,,
92,大同公司,,
93,禾多移動多媒體股份有限公司,,
94,億豐綜合工業股份有限公司,,
95,僑樂保全股份有限公司,,
96,卜赫馬有限公司,,
97,正新橡膠工業股份有限公司,,
98,百利通亞陶科技股份有限公司,,
99,遠傳電信股份有限公司,,
100,朝鳳居有限公司,,
101,思夢樂股份有限公司,,
102,遊戲橘子數位科技股份有限公司,,
103,宇泰華科技股份有限公司,,
104,毅翔機械有限公司,,
105,廣穎電通股份有限公司,,
106,佳生科技顧問股份有限公司,,
107,台灣國際航電股份有限公司,,
108,定揚科技股份有限公司,,
109,創創數位科技股份有限公司,,
110,時刻科技有限公司,,
111,明達醫學科技股份有限公司,,
112,昇達科技股份有限公司,,
113,上銀科技股份有限公司,,
114,昇陽地產有限公司,,
115,薪傳智庫數位科技股份有限公司,,
116,日立江森股份有限公司,,
117,GIS,,
118,和信嘉數位科技股份有限公司,,
119,財團法人台灣中小企業聯合輔導基金會,,
120,華冠通訊,,
121,米拉多科技有限公司,,
122,捷智商訊科技股份有限公司,,
123,極簡科技股份有限公司,,
124,ELSEVIER,,
125,精誠資訊股份有限公司,,
126,威朋大數據股份有限公司,,
127,大潤發流通事業股份有限公司,,
128,九豪,,
129,勤業眾信聯合會計師事務所,,
130,瑋鋒科技股份有限公司,,
131,暉創新意有限公司,,
132,聯發科技股份有限公司,,
133,廣達電腦,,
134,矽品精密工業股份有限公司,,
135,台郡科技,,
136,ADLINK,,
137,長天國際,,
138,庫幣科技,,
139,凌群電腦股份有限公司,,
140,搞之訊科技公司,,
141,勝巨光電股份有限公司,,
142,全家便利商店股份有限公司,,
143,新營文化中心圖書館,,
144,堉舜國際文化事業股份有限公司,,
145,榮創能源科技股份有限公司,,
146,台達電子工業股份有限公司,,
147,力成,,
148,立端科技股份有限公司,,
149,欣興電子,,
150,春秋光學,,
151,中原大學,,
152,統一速達股份有限公司,,
153,雄獅旅行社股份有限公司,,
154,東陽實業廠股份有限公司,,
155,國泰人壽,,
156,財團法人車輛研究測試中心,,
157,新思,,
158,中華系統整合股份有限公司,,
159,嘉捷科技企業股份有限公司,,
160,FLUX,,
161,景碩科技股份有限公司,,
162,興創知能股份有限公司,,
163,緯創資通股份有限公司,,
164,預言家數位有限公司,,
165,日月光,,
166,永鑫光電股份有限公司,,
167,QNAP,,
168,群浤科技股份有限公司,,
169,耀信塑膠有限公司,,
170,橋椿金屬股份有限公司,,
171,勤業眾信會計師事務所,,
172,聖森有限公司,,
173,宓科技有限公司,,
174,華碩電腦股份有限公司,,
175,台灣之星,,
176,台灣積體電路製造股份有限公司,,
177,京元電子股份有限公司,,
178,和碩聯合科技,,
179,工業技術研究院材料與化工研究所,,
180,大猩猩科技股份有限公司,,
181,正文科技股份有限公司,,
182,朝程工業股份有限公司,,
183,群光電能科技股份有限公司,,
184,大埔鐵板燒_千翔美食餐坊,,
185,徠誠通訊科技有限公司,,
186,點鑽整合行銷股份有限公司,,
187,新光鋼鐵股份有限公司,,
188,三緯國際立體列印科技股份有限公司,,
189,學園科技,,
190,玉山銀行,,
191,社團法人台灣評鑑協會,,
192,美律實業股份有限公司,,
193,摩莎,,
194,社團法人台灣浪愛永恆協會,,
195,中華電信,,
196,虹光精密工業股份有限公司,,
197,宏碁,,
198,盟立自動化股份有限公司,,
199,日禕紡織企業股份有限公司,,
200,牧德科技股份有限公司,,
201,馬克叔叔外語短期補習班,,
202,台灣住友培科股份有限公司,,
203,順達股份有限公司,,
204,群創光電股份有限公司,,
205,捷揚光電,,
206,富邦媒體科技股份有限公司,,
207,資誠聯合會計師事務所-新竹分所,,
208,全家便利商店,,
209,陽程科技,,
210,南亞光電股份有限公司,,
211,勤業眾信財稅顧問股份有限公司,,
212,立達軟體,,
213,神腦國際企業股份有限公司,,
214,台煒,,
215,利達數位影音科技股份有限公司,,
216,高鼎精密材料股份有限公司,,
217,聯強股份有限公司,,
218,萬鼎工程服務股份有限公司,,
219,全聯,,
220,瑞昱半導體股份有限公司,,
221,訊連科技股份有限公司,,
222,環球購物中心股份有限公司,,
223,聯萌科技股份有限公司,,
224,采鈺科技股份有限公司,,
225,宜寧中學,,
226,鴻海,,
227,直航聯合有限公司＿直航租車,,
228,富聯工程顧問股份有限公司,,
229,明日科技股份有限公司,,
230,安永聯合會計師事務所,,
231,康舒科技股份有限公司,,
232,鐶宇科技,,
233,南光化學製藥股份有限公司,,
234,日月辰工程顧問有限公司,,
235,長庚醫療財團法人,,
236,敬鵬,,
237,台灣中油股份有限公司,,
238,科聚企業有限公司,,
239,工研院分公司,,
240,MOXA,,
241,台灣信威資訊科技股份有限公司,,
242,育駿科技股份有限公司,,
243,隆芳興業股份有限公司,,
244,中磊電子股份有限公司,,
245,富利餐飲股份有限公司,,
246,騰錂鐳射,,
247,明泰科技,,
248,全漢企業股份有限公司,,
249,三枝部造股份有限公司,,
250,鉅晶國際股份有限公司,,
251,漢磊科技股份有限公司,,
252,財團法人資訊工業策進會,,
253,信源企業股份有限公司,,
254,三聯科技股份有限公司,,
255,核心技術有限公司,,
256,東森得易購,,
257,南山,,
258,典匠資訊股份有限公司,,
259,ROOTS,,
260,博格科技股份有限公司,,
261,全聯實業股份有限公司,,
262,嘉甫室內裝修工程股份有限公司,,
263,希睿,,
264,玉山商業銀行股份有限公司,,
265,景碩科技,,
266,清華大學,,
267,尼爾森行銷研究顧問股份有限公司,,
268,家福股份有限公司,,
269,台拓,,
270,仁寶電腦工業股份有限公司,,
271,錏鈦科技有限公司,,
272,金山電子工業股份有限公司,,
273,凌巨科技股份有限公司,,
274,金山電子,,
275,達盛電子,,
276,僑興資訊股份有限公司,,
277,京鉅企業有限公司,,
278,隆達電子,,
279,品興營造,,
280,達運精密工業股份有限公司,,
281,精英電腦股份有限公司,,
282,瑞基海洋生物科技股份有限公司,,
283,MOMO物流,,
284,麥士音響器材行,,
285,映畫數位廣告有限公司,,
286,城欣科技股份有限公司,,
287,總成實業股份有限公司,,
288,力成科技股份有限公司,,
289,高明鐵企業股份有限公司,,
290,香港商瑞健科技股份有限公司,,
291,英穩達科技股份有限公司,,
292,VPON威朋大數據集團,,
293,上海商業儲蓄銀行股份有限公司,,
294,真膳美饌,,
295,美光,,
296,世鎧精密有限股份公司,,
297,傑智環境科技股份有限公司,,
298,哈佛補習班,,
299,新鼎系統股份有限公司,,
300,新光人壽保險股份有限公司,,
301,匯宏科技股份有限公司,,
302,台表科,,
303,則和企業管理顧問有限公司,,
304,博報堂行效股份有限公司,,
305,光旴科技股份有限公司,,
306,維格餅家,,
307,正文科技,,
308,瑞傳科技股份有限公司,,
309,宜果國際股份有限公司,,
310,新加坡商惠普全球科技股份有限公司,,
311,鴻昌精密工業股份有限公司,,
312,台灣圓點奈米技術股份有限公司,,
313,天珩機械股份有限公司,,
314,輔仁大學,,
315,禹鼎電子,,
316,鄒錦清建築師事務所,,
317,台灣杜邦股份有限公司,,
318,恒耀工業股份有限公司,,
319,台大醫院,,
320,博彥科技有限公司,,
321,盈正豫順電子股份有限公司,,
322,南亞科技股份有限公司,,
323,醫揚科技股份有限公司,,
324,鴻海精密工業股份有限公司,,
325,富裕自由商旅有限公司,,
326,華王大飯店股份有限公司,,
327,昱冠資訊有限公司,,
328,宜庭國際有限公司,,
329,旭東機械工業股份有限公司,,
330,台林電通股份有限公司,,
331,毛寶,,
332,通騰科技股份有限公司,,
333,先勢行銷傳播集團,,
334,輝能科技股份有限公司,,
335,圓環牙醫診所,,
336,教育部科技司,,
337,旺宏電子股份有限公司,,
338,艾吉諾認證股份有限公司,,
339,益福和生醫科技股份有限公司,,
340,晶彩科技股份有限公司,,
341,台達電子,,
342,超眾科技股份有限公司,,
343,復盛應用科技股份有限公司,,
344,超豐電子股份有限公司,,
345,丸龜,,
346,東京威力科創股份有限公司,,
347,移動商務股份有限公司,,
348,桐瑛生技事業股份有限公司,,
349,鴻盛國際物流有限公司,,
350,南山人壽,,
351,明光義塾,,
352,萬寶華企業管理顧問股份有限公司,,
353,嘉暘開發有限公司,,
354,九品股份有限公司,,
355,鍋神日式涮涮鍋,,
356,神雲科技股份有限公司,,
357,美商安邁,,
358,何嘉仁,,
359,威超物業,,
360,香港商先進太平洋,,
361,友達,,
362,聯穎光電,,
363,虹京金屬股份有限公司,,
364,儒林補習班,,
365,優得利有限公司,,
366,IBM,,
367,康是美,,
368,啟碁科技股份有限公司,,
369,廷鑫興業股份有限公司,,
370,瑞昱半導體,,
371,橋樁金屬股份有限公司,,
372,台灣資生堂股份有限公司,,
373,建興,,
374,敬偉牙醫,,
375,GARMIN,,
376,六福開發股份有限公司,,
377,依田股份有限公司,,
378,台裕電業股份有限公司,,
379,小木屋鬆餅專賣店,,
380,UMC,,
381,虹堡科技股份有限公司,,
382,上統食品股份有限公司,,
383,台灣恩智浦半導體股份有限公司,,
384,艾訊股份有限公司,,
385,協欣金屬工業股份有限公司,,
386,文曄科技股份有限公司,,
387,花旗銀行,,
388,泓達企業股份有限公司,,
389,中華映管,,
390,台灣科研生物技術有限公司,,
391,佳世達科技股份有限公司,,
392,萬盟自動精機有限公司,,
393,誠雲科技股份有限公司,,
394,華資粧業股份有限公司,,
395,通又順氣動馬達製造有限公司,,
396,宸大科技,,
397,華南,,
398,新唐科技股份有限公司,,
399,尼得科超眾科技股份有限公司,,
400,明基電通股份有限公司,,
401,連展科技股份有限公司,,
402,美商世界速遞有限公司台灣分公司,,
403,惠民實業股份有限公司,,
404,義美食品,,
405,達爾膚生醫科技股份有限公司,,
406,堤維西,,
407,台灣世曦,,
408,傳奇網路遊戲股份有限公司,,
409,新光三越百貨股份有限公司,,
410,享狩數據科技股份有限公司,,
411,大亞電線電纜股份有限公司,,
412,致茂電子股份有限公司,,
413,訊映光電,,
414,南亞塑膠工業股份有限公司,,
415,統智科技股份有限公司,,
416,ASKEY,,
417,傑比行銷顧問有限公司,,
418,比菲多,,
419,金像電子,,
420,立端科技,,
421,美光記憶體,,
422,東培,,
423,穩得實業股份有限公司,,
424,趨勢科技,,
425,資誠企業管理顧問股份有限公司,,
426,大樹銀行,,
427,潘海利根股份有限公司,,
428,TSMC,,
429,矽品,,
430,碩天科技,,
431,日本料理餐廳,,
432,雄獅旅行社,,
433,齊裕,,
434,乾坤科技股份有限公司,,
435,台灣檢驗科技股份有限公司,,
436,國立臺灣師範大學,,
437,江西合力泰,,
438,遠雄人壽保險事業股份有限公司,,
439,星加坡鈦坦科技,,
440,精英人力資源股份有限公司,,
441,王浩補習班,,
442,矽統科技股份有限公司,,
443,COCO壹番屋,,
444,臺北市市場處,,
445,沛司科技股份有限公司,,
446,EVGA,,
447,高雄市立圖書館,,
448,群聯電子股份有限公司,,
449,晶達,,
450,艾爾金股份有限公司,,
451,台北市立聯合醫院,,
452,冠德霖企業有限公司,,
453,合庫營造有限公司,,
454,新萊應材,,
455,台灣松下電器股份有限公司,,
456,神通電腦股份有限公司,,
457,健泰工業股份有限公司,,
458,大瓏企業股份有限公司,,
459,惠康百貨股份有限公司,,
460,聲遠精密光學股份有限公司,,
461,南港輪胎股份有限公司,,
462,中山大學總務處,,
463,博聯生技股份有限公司,,
464,內政部營建署,,
465,荷商恩智浦積體電路有限公司,,
466,台灣世界展望會,,
467,中國信託資融股份有限公司,,
468,邁高生物技術開發股份有限公司,,
469,聯邦工程顧問股份有限公司,,
470,美商祥茂光電科技股份有限公司,,
471,台灣賓士,,
472,桃園市政府水務局,,
473,泰吉金屬股份有限公司,,
474,王品餐飲股份有限公司,,
475,人生製藥,,
476,二三設計有限公司,,
477,捷睿智能,,
478,沱江麵食館,,
479,聖暉工程科技股份有限公司,,
480,立成製麵,,
481,華通電腦股份有限公司,,
482,集盛,,
483,晶英國際股份有限公司,,
484,KKBOX,,
485,三福氣體股份有限公司,,
486,中央研究院化學所,,
487,85度C,,
488,聯穎光電股份有限公司,,
489,聯華學苑,,
490,衡宇科技股份有限公司,,
491,育品生物科技股份有限公司,,
492,中強光電股份有限公司,,
493,工研院,,
494,晶心科技股份有限公司,,
495,翔鑫堡,,
496,土地銀行總行,,
497,文森設計印刷有限公司,,
498,雲朗觀光股份有限公司,,
499,綠果子,,
500,寵物澡堂工作室,,
501,拉奇企業股份有限公司,,
502,漢穎科技股份有限公司,,
503,17,,
504,臺北市政府社會局委託財團法人中華民國唐氏症基金會經營管理臺北市健康托嬰中心,,
505,志晟鋼模塑膠股份有限公司,,
506,全曜財經股份有限公司,,
507,富邦人壽保險股份有限公司,,
508,科盛科技股份有限公司,,
509,藍天電腦,,
510,台南和逸親子飯店,,
511,超豐電子,,
512,威肯公共關係顧問股份有限公司,,
513,成中恆營造股份有限公司,,
514,亞福儲能股份有限公司,,
515,麗尊開發股份有限公司,,
516,光寶匯才資訊服務股份有限公司,,
517,春水堂科技娛樂股份有限公司,,
518,紀伊國屋書店股份有限公司,,
519,東森得意購,,
520,建準電機工業股份有限公司,,
521,大陸商蘇州天脈科技有限公司在台分公司,,
522,趨勢科技股份有限公司,,
523,旭海國際科技股份有限公司,,
524,宏碁股份有限公司,,
525,MICROSOFTX,,
526,政美應用股份有限公司,,
527,美廉社,,
528,兆立科技實業股份有限公司,,
529,雷益,,
530,尚澄法律事務所,,
531,立本會計師事務所,,
532,坤侑科技資訊社,,
533,美商半導體產業協會台灣分公司,,
534,敦南科技股份有限公司,,
535,燦坤實業股份有限公司,,
536,大立光電股份有限公司,,
537,聯華電子,,
538,舞動陽光有限公司,,
539,和昕精密科技有限公司,,
540,台新國際商業銀行股份有限公司,,
541,訊舟科技股份有限公司,,
542,工業技術研究院,,
543,三陽工業股份有限公司,,
544,實力媒體,,
545,杏一醫療用品股份有限公司,,
546,景翊科技股份有限公司,,
547,亞旭電腦股份有限公司,,
548,711,,
549,政美,,
550,歐司朗,,
551,台新銀行,,
552,新光人壽股份有限公司,,
553,名衍行銷有限公司,,
554,榮剛材料科技股份有限公司,,
555,燦陽,,
556,富銘集團_星誠有限公司,,
557,鉅祥企業股份有限公司,,
558,綠點,,
559,聯發科,,
560,勤業眾信風險管理諮詢股份有限公司,,
561,大潤發,,
562,海威科技有限公司,,
563,漢翔航空工業股份有限公司,,
564,耐特普羅資訊股份有限公司,,
565,賞霖創藝股份有限公司,,
566,泰金寶電通股份有限公司,,
567,品固企業股份有限公司,,
568,傲視科技,,
569,啄木鳥動物醫院,,
570,華創車電技術中心股份有限公司,,
571,佳樂事達科技有限公司,,
572,泰成機械股份有限公司,,
573,中國信託有限公司,,
574,開原報關股份有限公司,,
575,大同股份有限公司,,
576,宏齊科技,,
577,捷智科技股份有限公司,,
578,統聯汽車客運股份有限公司,,
579,子佳國際企業有限公司,,
580,谷林企業行　　　　　　　　　　　　　　　　　　　　　　　　　,,
581,台耀化學股份有限公司,,
582,國立清華大學,,
583,正崴精密工業股份有限公司,,
584,國家教育研究院,,
585,同欣電子工業股份有限公司,,
586,元大人壽股份有限公司,,
587,高登智慧科技股份有限公司,,
588,微星科技,,
589,喬安旅行社股份有限公司,,
590,天然養生堂實業有限公司,,
591,鴻大旅行社有限公司,,
592,小北百貨有限公司,,
593,福客旅行社股份有限公司,,
594,良友旅行社股份有限公司,,
595,友泰國際旅行社股份有限公司,,
596,九如實業股份有限公司,,
597,潔樂工業股份有限公司,,
598,威齊織品科技有限公司,,
599,廣佑科技股份有限公司,,
600,威能企業有限公司,,
601,台灣大車隊股份有限公司,,
602,愛買樂生活事業股份有限公司,,
603,蔬果大王有限公司,,
604,東鉅能源科技實業有限公司,,
605,佳能企業股份有限公司,,
606,永光化學工業有限公司,,
607,元利盛精密機械股份有限公司,,
608,愛買,,
609,銓隆工業股份有限公司,,
610,飛達科視覺設備股份有限公司,,
611,韓金婆婆食品行,,
612,研究院分公司,,
613,長興材料,,
614,台北高通,,
615,盛晶科技股份有限公司,,
616,美商柏恩亞太股份有限公司,,
617,宏正自動科技股份有限公司,,
618,德民中醫,,
619,南僑油脂,,
620,盟創科技股份有限公司,,
621,戴爾科技,,
622,育兒生活,,
623,銀翼餐飲事業有限公司,,
624,旺矽科技股份有限公司,,
625,中興電工,,
626,HTC,,
627,全曜財經資訊股份有限公司,,
628,聯鈞光電股份有限公司,,
629,利晉工程股份有限公司,,
630,新潔明牙醫,,
631,長春人造樹脂廠股份有限公司,,
632,川鼎,,
633,智寶行銷,,
634,飛雁有限公司,,
635,晶茂資訊科技股份有限公司,,
636,大億交通工業製造股份有限公司,,
637,華義股份有限公司,,
638,帝王蟹半導體,,
639,漢衛科技股份有限公司,,
640,大昌華嘉,,
641,工研院綠能所,,
642,坤侑科技資訊有限公司,,
643,志聖工業,,
644,台灣三洋電機股份有限公司,,
645,台灣美光記憶體股份有限公司,,
646,富號,,
647,台北榮民總醫院,,
648,長春,,
649,美光科技有限公司,,
650,鋼士特,,
651,忠儀企業股份有限公司,,
652,清盛電子股份有限公司,,
653,擎元精密機械股份有限公司,,
654,緯創資通,,
655,艾克爾國際科技股份有限公司,,
656,貿聯國際股份有限公司,,
657,我適文創,,
658,華創車電,,
659,廣達,,
660,灣聯貿易有限公司,,
661,人才天下有限公司,,
662,全家,,
663,麥當勞飲食店,,
664,科定企業股份有限公司,,
665,穩懋半導體股份有限公司,,
666,鈜寶,,
667,國巨電子股份有限公司,,
668,中磊科技股份有限公司,,
669,暉順機電有限公司,,
670,源豐精密股份有限公司,,
671,東騰創新投資股份有限公司,,
672,財團法人台灣經濟研究院,,
673,點睛科技股份有限公司,,
674,鎮麟升大學中心,,
675,賀眾企業股份有限公司,,
676,國立台灣科技大學,,
677,席德曼國際貿易有限公司,,
678,星星股份有限公司,,
679,麥當勞,,
680,震虎精密科技股份有限公司,,
681,果遊資訊,,
682,艾克爾,,
683,美商英特爾亞太科技有限公司,,
684,公視,,
685,花旗(台灣)商業銀行股份有限公司,,
686,永豐證券投資顧問股份有限公司,,
687,上銀,,
688,鴻光管理顧問有限公司,,
689,有物設計有限公司,,
690,國泰世華商業銀行股份有限公司,,
691,馬路科技顧問股份有限公司,,
692,台灣康寧顯示玻璃股份有限公司,,
693,社團法人中華民國工業安全衛生協會,,
694,宏捷科技股份有限公司,,
695,介強製衣股份有限公司,,
696,臻鼎集團先豐通訊,,
697,玉山金融控股股份有限公司,,
698,信鼎技術服務股份有限公司,,
699,卡訊電子股份有限公司,,
700,瑞儀光電,,
701,中興電工機械股份有限公司,,
702,振曜科技股份有限公司,,
703,瑋鋒科技,,
704,達殷科技,,
705,探騚科技股份有限公司,,
706,精二股份有限公司,,
707,芮薇荷有限公司,,
708,夢想家補習班,,
709,亞尼克?子工房股份有限公司,,
710,彰源企業股份有限公司,,
711,東林電子股份有限公司,,
712,台灣電通股份有限公司,,
713,雲門國際事業股份有限公司,,
714,台灣科思創,,
715,發發設計有限公司,,
716,金像電子股份有限公司,,
717,力晶科技股份有限公司,,
718,力晶積成電子,,
719,新科光電材料股份有限公司,,
720,路森科技,,
721,好市多股份有限公司,,
722,兆勤科技股份有限公司,,
723,欣興股份有限公司,,
724,美合國際實業股份有限公司,,
725,大瀚環球商務中心有限公司,,
726,臺灣湯淺,,
727,大連化學工業股份有限公司,,
728,新光金融控股股份有限公司,,
729,台聚管理顧問股份有限公司,,
730,杰松自動化有限公司,,
731,好好笑活動創意有限公司,,
732,網路家庭國際資訊股份有限公司,,
733,東森新聞雲股份有限公司,,
734,采舍系統櫃組裝,,
735,德律科技股份有限公司,,
736,彰化銀行,,
737,燦達電子,,
738,TUTORABC,,
739,新鑫股份有限公司,,
740,晶碩光學,,
741,威光自動化科技,,
742,玉山環境科技有限公司,,
743,奇景光電,,
744,政治大學,,
745,台灣公主遊艇股份有限公司,,
746,全家股份有限公司,,
747,訊聯生物科技股份有限公司,,
748,宏達國際電子股份有限公司,,
749,沛華實業股份有限公司,,
750,財團法人國家衛生研究院,,
751,新日興,,
752,彩富電子股份有限公司,,
753,義盟興眼鏡實業股份有限公司,,
754,公立中學（外島）,,
755,研揚科技股份有限公司,,
756,六家高中,,
757,威剛科技,,
758,台灣雙葉電子股份有限公司,,
759,寶成工業股份有限公司,,
760,大吉采科技有限公司,,
761,寶雅國際股份有限公司,,
762,力山工業股份有限公司,,
763,張飛創意行銷,,
764,喬暘電子股份有限公司,,
765,宏遠興業股份有限公司,,
766,華鼎生技顧問股份有限公司,,
767,神基科技股份有限公司,,
768,瑞禾國際開發有限公司,,
769,大德牙醫,,
770,士林電機,,
771,香港意粉屋,,
772,洋基工程股份有限公司,,
773,NOKIA,,
774,聯合再生能源,,
775,技鼎,,
776,資騰科技,,
777,台灣艾司摩爾股份有限公司,,
778,賀溢企業有限公司,,
779,法務部,,
780,巨鎧實業股份有限公司,,
781,恒宜貿易股份有限公司,,
782,鵬泰顧問有限公司,,
783,漢民科技股份有限公司,,
784,利原股份有限公司,,
785,資誠聯合會計師事務所,,
786,華東科技股份有限公司,,
787,劉欣英文,,
788,中光電智能雲服,,
789,元大銀行,,
790,合勤投資控股股份有限公司,,
791,聯邦銀行,,
792,國立台灣大學,,
793,奕力科技股份有限公司,,
794,智誠科技服務股份有限公司,,
795,瑞鼎科技股份有限公司,,
796,業成科技,,
797,台北富邦銀行,,
798,安侯建業聯合會計師事務所,,
799,捷儀科技股份有限公司,,
800,權威補習班,,
801,友勁科技股份有限公司,,
802,台灣派頓,,
803,永慶房屋仲介股份有限公司,,
804,SANE,,
805,乙曼資訊科技有限公司,,
806,豐達股份有限公司,,
807,馗鼎奈米科技股份有限公司,,
808,信東流通事業股份有限公司,,
809,皇將科技股份有限公司,,
810,裕融企業股份有限公司,,
811,健身,,
812,LITEON,,
813,捷世林科技股份有限公司,,
814,宏達電,,
815,李奧貝納股份有限公司,,
816,明泰科技股份有限公司,,
817,登騰電子股份有限公司,,
818,福懋興業股份有限公司,,
819,南茂科技股份有限公司,,
820,天空數位有限公司,,
821,中宇環保工程股份有限公司,,
822,緯穎科技服務股份有限公司,,
823,稚庭股份有限公司,,
824,台塑企業總管理處,,
825,勁勛企業有限公司,,
826,欣銓科技股份有限公司,,
827,STARBUCKS,,
828,隆典實業股份有限公司,,
829,渣打,,
830,電視台,,
831,?贏客服科技有限公司,,
832,百略醫學科技股份有限公司,,
833,商業周刊,,
834,興達國際資產管理顧問有限公司,,
835,精華光學股份有限公司,,
836,湧升海洋股份有限公司,,
837,中央研究院,,
838,誠享國際有限公司,,
839,台灣創建雲端有限公司,,
840,台灣大哥大股份有限公司,,
841,正慧食品工業股份有限公司,,
842,建國花市,,
843,工研院智慧機械中心,,
844,SUKIYA,,
845,影像科技,,
846,安德網路股份有限公司,,
847,藍德工業股份有限公司,,
848,鴻百,,
849,大眾科技有限公司,,
850,華城電機,,
851,環資國際有限公司,,
852,財團法人公共電視文化事業基金會,,
853,知識科技股份有限公司,,
854,台塑仁武,,
855,中智捷汽車股份有限公司,,
856,美商恩傑NZXT,,
857,淯舜,,
858,WESTERN,,
859,華新麗華,,
860,富邦華一銀行,,
861,歐亞書局有限公司,,
862,新達科技股份有限公司,,
863,長頸鹿美語,,
864,瑪莎計畫婚禮顧問有限公司,,
865,德信發企業股份有限公司,,
866,永豐商業銀行股份有限公司,,
867,數字科技股份有限公司,,
868,VMWARE,,
869,新家坡營造有限公司,,
870,友睿資訊股份有限公司,,
871,安侯建業會計師事務所,,
872,澳盛(台灣)商業銀行股份有限公司,,
873,介面光電,,
874,新禾股份有限公司,,
875,笙科電子股份有限公司,,
876,OSE,,
877,英特林股份有限公司,,
878,元大證券股份有限公司,,
879,均豪精密工業股份有限公司,,
880,智同科技股份有限公司,,
881,尊迪文創,,
882,富胖達有限公司,,
883,聯合信用卡處理中心,,
884,圓剛,,
885,同星科技股份有限公司,,
886,公信電子股份有限公司,,
887,臺北醫學大學附設醫院,,
888,台一專利商標事務所,,
889,源吉兆庵,,
890,鑫囍國際股份有限公司,,
891,京晨科技股份有限公司,,
892,億升工業股份有限公司,,
893,立寶電子工業股份有限公司,,
894,總太營造,,
895,威棋有限公司,,
896,中興工程顧問股份有限公司,,
897,昇暉能源,,
898,群聯,,
899,汎武事業股份有限公司,,
900,台達,,
901,景碩,,
902,川湖科技,,
903,台星科,,
904,新保科技有限公司,,
905,長庚大學,,
906,中研院化學所,,
907,泉創,,
908,映象有限公司,,
909,如榆設計有限公司,,
910,誠盟電科技股份有限公司,,
911,貝殼放大股份有限公司,,
912,新北市瑞芳高級工業職業學校,,
913,啟碁科技,,
914,縣政府衛生局,,
915,誠研科技,,
916,?碁建設股份有限公司,,
917,地球村美日韓語,,
918,台灣日立江森自控有限股份公司,,
919,蓓菈朵娜美甲美睫,,
920,神通資訊科技,,
921,香港商台灣意比有限公司,,
922,竑騰科技股份有限公司,,
923,新誼整合科技股份有限公司,,
924,專誠行銷股份有限公司,,
925,達邦有限公司,,
926,達勝整合行銷股份有限公司,,
927,中華映管股份有限公司,,
928,南山人壽股份有限公司,,
929,南亞科技,,
930,葳橋資訊股份有限公司,,
931,興勤電子工業股份有限公司,,
932,誠品股份有限公司,,
933,大同聯合科技,,
934,群浤,,
935,三陽工業,,
936,日盛國際商業銀行,,
937,立法院,,
938,宏全國際股份有限公司,,
939,凱士士企業股份有限公司,,
940,環興科技股份有限公司,,
941,NETAI,,
942,威力工業,,
943,先鋒材料科技股份有限公司,,
944,洛德城堡有限公司,,
945,農林水果行,,
946,冠穎食品企業有限公司,,
947,億光電子工業股份有限公司,,
948,ASML,,
949,巨耀資訊顧問有限公司,,
950,嘉田汽車,,
951,樂生活貿易有限公司,,
952,高登鐘錶,,
953,佑勝光電股份有限公司,,
954,睿元科技有限公司,,
955,MC,,
956,錼新科技股份有限公司,,
957,育達文化事業股份有限公司,,
958,四零四科技股份有限公司,,
959,鼎新電腦股份有限公司,,
960,御前上茶,,
961,中佑資訊有限公司,,
962,莎莉國際美容有限公司,,
963,台亞衛星通訊股份有限公司,,
964,MIKE,,
965,金旺起重,,
966,奇景光電股份有限公司,,
967,富創藍圖有限公司,,
968,台星科股份有限公司,,
969,新光三越,,
970,金永立有限公司,,
971,技嘉科技股份有限公司,,
972,新光,,
973,萊雅股份有限公司,,
974,中國信託銀行,,
975,PICCOLLAGE拼貼趣,,
976,名洋補習班,,
977,安永企業管理諮詢服務股份有限公司,,
978,吉得堡早餐店,,
979,頎邦科技股份有限公司,,
980,全景軟體股份有限公司,,
981,柏克萊,,
982,國泰人壽保險股份有限公司,,
983,教養院,,
984,智易,,
985,勤業眾信管理顧問股份有限公司,,
986,融程電訊股份有限公司,,
987,技佳工程科技,,
988,漢翔航空股份有限公司,,
989,傳揚行銷廣告股份有限公司,,
990,友達光電,,
991,奧理科技股份有限公司,,
992,磐旭智能股份有限公司,,
993,金寶電子工業股份有限公司,,
994,瑞士商柏泰有限公司,,
995,莊松榮製藥廠有限公司,,
996,科勝科技,,
997,鴻林堂生物科技股份有限公司,,
998,神達電腦股份有限公司,,
999,亞東工業氣體股份有限公司,,
1000,聯羿科技有限公司,,
1001,一等一科技股份有限公司,,
1002,欣興電子股份有限公司,,
1003,國立交通大學,,
1004,安聯人壽保險股份有限公司,,
1005,新思科技,,
1006,國喬石油化學股份有限公司,,
1007,德奇工業股份有限公司,,
1008,和欣客運,,
1009,麻古茶坊股份有限公司,,
1010,智泰國際興業有限公司,,
1011,名遠科技,,
1012,永洋科技股份有限公司,,
1013,箐箐企業社,,
1014,聯測,,
1015,TPV,,
1016,泰山氣體有限公司,,
1017,MEDIATEK,,
1018,日月光電子股份有限公司,,
1019,探網科技,,
1020,台北寒舍艾美酒店,,
1021,天心,,
1022,新光人壽,,
1023,茶湯會,,
1024,安普新,,
1025,和大工業股份有限公司,,
1026,亞太優勢微系統股份有限公司,,
1027,益瑞電子股份有限公司,,
1028,美磊科技股份有限公司,,
1029,允良家具裝潢有限公司,,
1030,京元電子,,
1031,金磚通訊科技股份有限公司,,
1032,國瑞汽車股份有限公司,,
1033,湧固科技有限公司,,
1034,三能食品器具股份有限公司,,
1035,華儀電子股份有限公司,,
1036,網際運通,,
1037,玩美移動股份有限公司,,
1038,玩美銘版企業社,,
1039,聖洋科技股份有限公司,,
1040,洪明文教機構,,
1041,台北醫學大學,,
1042,樂銷行銷,,
1043,今國光學,,
1044,遠東航空股份有限公司,,
1045,長榮航空股份有限公司,,
1046,雅嵐股份有限公司,,
1047,飛虹國際整合行銷公關顧問股份有限公司,,
1048,仁寶電腦,,
1049,台灣暹勁股份有限公司,,
1050,佳世達,,
1051,達欣工程股份有限公司,,
1052,YAMAHA音樂教室,,
1053,徐匯廣場,,
1054,資拓宏宇國際股份有限公司,,
1055,協鎂,,
1056,萬和科技,,
1057,聯合文教事業有限公司,,
1058,惠通科技股份有限公司,,
1059,泰金寶,,
1060,凱基期貨股份有限公司,,
1061,輕井?足體養身會館,,
1062,亞睿資訊,,
1063,YMRT台灣山葉發動機,,
1064,四維創新材料股份有限公司,,
1065,先豐通訊股份有限公司,,
1066,蔚華,,
1067,所羅門,,
1068,漢堡大師早午餐,,
1069,宜特科技股份有限公司,,
1070,技嘉科技,,
1071,宇瞻科技,,
1072,愛爾蘭商意利股份有限公司,,
1073,娃娃城股份有限公司,,
1074,世潮企業股份有限公司,,
1075,臺北市政府環境保護局,,
1076,栯菘創意傳播事業有限公司,,
1077,英屬維京群島商邁墾工程顧問股份有限公司,,
1078,麗光科技股份有限公司,,
1079,鈞龍機械工業有限公司,,
1080,精材科技股份有限公司,,
1081,旭正機械,,
1082,全德發手做公司,,
1083,中油油品股份有限公司,,
1084,家樂福,,
1085,聯強國際股份有限公司,,
1086,華奧科技有限公司,,
1087,聯測科技股份有限公司,,
1088,毛爵生髮診所,,
1089,明安國際企業股份有限公司,,
1090,英業達,,
1091,睿達資訊股份有限公司,,
1092,愛勝遊戲股份有限公司,,
1093,岱鐠科技有限公司,,
1094,升鼎科技股份有限公司,,
1095,福懋科技股份有限公司,,
1096,101文具天堂,,
1097,戰國策國際顧問股份有限公司,,
1098,大同世界科技股份有限公司,,
1099,台灣醒報,,
1100,統合科技,,
1101,茂順密封元件科技股份有限公司,,
1102,銓科科技股份有限公司,,
1103,商線科技有限公司,,
1104,華可貴,,
1105,坤眾科技股份有限公司,,
1106,聯茂電子股份有限公司,,
1107,喬陞機器股份有限公司,,
1108,阿特拉斯科普柯股份有限公司,,
1109,烏龜移動科技股份有限公司,,
1110,全一電子股份有限公司,,
1111,碩網資訊股份有限公司,,
1112,嘉亨科技股份有限公司,,
1113,健鼎科技,,
1114,東培工業股份有限公司,,
1115,南都汽車股份有限公司,,
1116,富晶通科技股份有限公司,,
1117,大霸電子,,
1118,力致科技股份有限公司,,
1119,精密機械研究發展中心,,
1120,中國信託商業銀行股份有限公司,,
1121,鴻海營造股份有限公司,,
1122,宇萌科技,,
1123,豐泰企業股份有限公司,,
1124,旗勝科技貿易股份有限公司,,
1125,阿卡迪亞科技股份有限公司,,
1126,富士康股份有限公司,,
1127,保銳科技股份有限公司,,
1128,王品原燒,,
1129,宇辰系統科技股份有限公司,,
1130,東元電機股份有限公司,,
1131,群益金鼎證券股份有限公司,,
1132,椲桉洗衣/衣樂洗國際有限公司,,
1133,施耐德,,
1134,美樂地汽車旅館有限公司,,
1135,三采文化股份有限公司,,
1136,全統運動用品股份有限公司,,
1137,優聘資訊科技有限公司,,
1138,新代科技股份有限公司,,
1139,中佳電力事業股份有限公司,,
1140,加百裕工業股份有限公司,,
1141,台灣村田股份有限公司,,
1142,智原科技股份有限公司,,
1143,建漢科技股份有限公司,,
1144,鐿鈦科技股份有限公司,,
1145,汎美人力資源管理顧問有限公司,,
1146,中冠資訊股份有限公司,,
1147,利豐物流,,
1148,嘉義基督教醫院,,
1149,神腦,,
1150,瑞寶基因股份有限公司,,
1151,"MYGO國際地產,",,
1152,台揚,,
1153,可成科技股份有限公司,,
1154,釱偉興業股份有限公司,,
1155,資誠會計師事務所,,
1156,昇銳電子,,
1157,統一超商股份有限公司,,
1158,華冠通訊股份有限公司,,
1159,SGS台灣檢驗科技股份有限公司,,
1160,"JABITT,",,
1161,永大機電工業股份有限公司,,
1162,古代生活博物館,,
1163,慕渴股份有限公司,,
1164,肯園國際股份有限公司,,
1165,長佳機電工程股份有限公司,,
1166,金格食品股份有限公司,,
1167,兆赫科技,,
1168,台灣經濟新報,,
1169,明徽能源股份有限公司,,
1170,竇國昌建築師事務所,,
1171,第一銀行,,
1172,上博科技股份有限公司,,
1173,聯華電子股份有限公司,,
1174,凌陽,,
1175,合勤科技股份有限公司,,
1176,中科院,,
1177,茆師父洋?子工房有限公司,,
1178,OECC,,
1179,晶成半導體,,
1180,大地光纖股份有限公司,,
1181,日鏵國際企劃股份有限公司,,
1182,崧騰企業,,
1183,上菱工業股份有限公司,,
1184,財團法人精密機械研究中心,,
1185,UMTC,,
1186,長春化工,,
1187,亞獵士科技股份有限公司,,
1188,三商家購,,
1189,七駿科技股份有限公司,,
1190,泰陞,,
1191,擎亞半導體,,
1192,台灣佳能股份有限公司,,
1193,中兆匯科技服務股份有限公司,,
1194,珂珂瑪物聯網股份有限公司,,
1195,C,,
1196,圓祥大眾傳播有限公司,,
1197,松盟科技股份有限公司,,
1198,永慕企業有限公司,,
1199,兆洋資訊股份有限公司,,
1200,寶德電化材科技,,
1201,天下雜誌股份有限公司,,
1202,敦泰科技,,
1203,神谷機工股份有限公司,,
1204,尚亨,,
1205,網路基因,,
1206,銘彥五金企業社,,
1207,錸德科技股份有限公司,,
1208,富?有限公司,,
1209,城市綠洲股份有限公司,,
1210,永華機械,,
1211,藥華醫藥股份有限公司,,
1212,事事設計有限公司,,
1213,致茂電子,,
1214,樂獅英語,,
1215,新力美科技股份有限公司,,
1216,安鼎,,
1217,先鋒材料,,
1218,意藍資訊股份有限公司,,
1219,清心福全冷飲店,,
1220,王鼎精密股份有限公司,,
1221,中華電信數據分公司,,
1222,勤業眾信興業股份有限公司,,
1223,都可茶飲,,
1224,綠點高新科技股份有限公司,,
1225,益材科技股份有限公司,,
1226,北海宅修工程有限公司,,
1227,大壬設計工程有限公司,,
1228,紳業工業有限公司,,
1229,仁大資訊股份有限公司,,
1230,尚承科技股份有限公司,,
1231,創見資訊股份有限公司,,
1232,境向聯合建築師事務所,,
1233,喫茶小舖股份有限公司,,
1234,大億交通,,
1235,大台中數位有線電視股份有限公司,,
1236,中鼎工程,,
1237,TSIPO,,
1238,鈗荿科技股份有限公司,,
1239,群創,,
1240,高雄榮民總醫院放射線部,,
1241,進金生實業股份有限公司,,
1242,訊凱國際股份有限公司,,
1243,義傳科技,,
1244,台積電機有限公司,,
1245,昱冠資訊股份有限公司,,
1246,寶貝國際有限公司,,
1247,華泰電子股份有限公司,,
1248,利勤實業股份有限公司,,
1249,友達晶材,,
1250,臺灣產物保險股份有限公司,,
1251,陳名補習班,,
1252,艾得基客行銷顧問股份有限公司,,
1253,皇州國際股份有限公司,,
1254,遠誠光學,,
1255,凡斯科技有限公司,,
1256,金展興,,
1257,威潤科技股份有限公司,,
1258,文殊文理補習班,,
1259,奇美材料科技股份有限公司,,
1260,點點點行銷有限公司,,
1261,台塑石化股份有限公司,,
1262,恆陽電子,,
1263,UNIQLO,,
1264,新相科技,,
1265,野饌燒肉,,
1266,EVERSKILL,,
1267,進化廣告有限公司,,
1268,買對股份有限公司,,
1269,松屋,,
1270,美商安邁科技股份有限公司,,
1271,鉅臣企業股份有限公司,,
1272,漾彩設計,,
1273,笠信公關顧問股份有限公司,,
1274,輔英科技大學,,
1275,爵思國際股份有限公司,,
1276,微風廣場實業股份有限公司,,
1277,台灣安川電機股份有限公司,,
1278,群義不動產經紀股份有限公司,,
1279,金鍏電子股份有限公司,,
1280,益通,,
1281,駿太科技有限公司,,
1282,HOLYHOLY_新村商行,,
1283,謝英俊建築師事務所,,
1284,直學設計事業有限公司,,
1285,台灣世曦工程顧問公司,,
1286,陽明海運股份有限公司,,
1287,香港商阿爾伊股份有限公司台灣分公司,,
1288,中國醫藥大學,,
1289,寰宇旅邦有限公司,,
1290,中華龍網股份有限公司,,
1291,馬桶國際洋行有限公司,,
1292,型構國際有限公司,,
1293,科萊博瑞科技有限公司,,
1294,英穩達,,
1295,良峰塑膠機械股份有限公司,,
1296,台灣之星股份有限公司,,
1297,CORNING,,
1298,四維聯合設計有限公司,,
1299,兆聯實業股份有限公司,,
1300,叡揚資訊股份有限公司,,
1301,創威光電股份有限公司,,
1302,HITUTOR,,
1303,承鑫家具有限公司,,
1304,酷悠悠網絡有限公司公司,,
1305,國光生物科技股份有限公司,,
1306,國際牌,,
1307,勵億塑膠股份有限公司,,
1308,香港商史密斯遠東股份有限公司台灣分公司,,
1309,百佳泰股份有限公司,,
1310,外貿協會,,
1311,五福旅遊,,
1312,學校專案助理,,
1313,東版國際有限公司,,
1314,禾寶醫療器材股份有限公司,,
1315,隆達電子股份有限公司,,
1316,台灣連線有限公司,,
1317,福和生鮮股份有限公司,,
1318,永立國際建築師事務所,,
1319,泉陞工程科技有限公司,,
1320,全球遊戲科技有限公司,,
1321,美隆工業股份有限公司,,
1322,大山寺廟營造,,
1323,孫悟空創意發明股份有限公司,,
1324,願境網訊股份有限公司,,
1325,台灣科德寶寶翎不織布股份有限公司,,
1326,康那香股份有限公司,,
1327,安口食品機械股份有限公司,,
1328,中正高齡社會企業股份有限公司,,
1329,青草地食品公司（快車肉乾）,,
1330,京群超媒體,,
1331,振興發科技有限公司,,
1332,嘉愛啟智發展中心,,
1333,班可諾有限公司,,
1334,吉布米,,
1335,錫安生技股份有限公司,,
1336,中國經濟通訊社股份有限公司,,
1337,正峰化學製藥股份有限公司,,
1338,吉瑞恩有限公司,,
1339,高雄醫學大學附設醫院,,
1340,昇燕精密工業股份有限公司,,
1341,財團法人中華顧問工程司,,
1342,七元素遊戲有限公司,,
1343,美麥行銷,,
1344,享實作樂,,
1345,台新金融控股股份有限公司,,
1346,濬洋企業有限公司,,
1347,尚容國際實業有限公司,,
1348,大山寺廟營造（傳統漢式大木作）,,
1349,核能研究所,,
1350,全鼎資訊股份有限公司,,
1351,宏碁派遣,,
1352,華南產物保險股份有限公司,,
1353,順益汽車股份有限公司,,
1354,台灣豪雅光電,,
1355,薩摩亞商蘋谷,,
1356,GRENDA,,
1357,段泰國蝦有限公司,,
1358,燈光音響公司,,
1359,新東陽股份有限公司,,
1360,昇捷建設股份有限公司,,
1361,雷天廣告有限公司,,
1362,九天資產管理股份有限公司,,
1363,岱瑪金誠國際事業有限公司,,
1364,動心醫電股份有限公司,,
1365,揚弘實業,,
1366,維樂工業股份有限公司,,
1367,達觀規劃設計顧問有限公司,,
1368,紘康科技,,
1369,橘點子股份有限公司,,
1370,東捷資訊服務股份有限公司,,
1371,友聯車材製造股份有限公司,,
1372,津香茶業有限公司,,
1373,曾永信建築師事務所,,
1374,馥品大飯店有限公司,,
1375,天堂遊戲有限公司,,
1376,力澂股份有限公司,,
1377,竹建瓦斯股份有限公司,,
1378,友訊科技股份有限公司,,
1379,三上精密有限公司,,
1380,昕力資訊股份有限公司,,
1381,喜士多科技股份有限公司,,
1382,ODM,,
1383,展旺生命科技股份有限公司,,
1384,百聿數碼創意股份有限公司,,
1385,博登名廚,,
1386,美斯特類比科技有限公司,,
1387,正崴精密工業,,
1388,協易機械工業股份有限公司,,
1389,中華民國對外貿易發展協會,,
1390,安睿宏觀證券投資顧問股份有限公司,,
1391,台南謦鴻科技,,
1392,弘陽塑膠工業有限公司,,
1393,輕鬆購五金百貨（欣奇商行）,,
1394,沛綠地設計有限公司,,
1395,威聯通科技股份有限公司,,
1396,微客國際服務有限公司,,
1397,敦泰電子股份有限公司,,
1398,郵局,,
1399,昭輝實業股份有限公司,,
1400,無印良品,,
1401,利得儀器股份有限公司,,
1402,NEC,,
1403,盈杏有限公司,,
1404,貿凱國際股份有限公司,,
1405,華泰電子,,
1406,裕隆汽車製造股份有限公司,,
1407,富智康,,
1408,能元科技股份有限公司,,
1409,添翼控股有限公司,,
1410,捷希生技股份有限公司,,
1411,開烤吧炭火精品燒肉,,
1412,固緯電子實業股份有限公司,,
1413,瑞智精密股份有限公司,,
1414,映峻企業有限公司,,
1415,歡喜緣佛具行(日正佛具行),,
1416,開烤BAR-炭火精品燒肉‧異國精釀啤酒,,
1417,鉅盈,,
1418,台灣晶技股份有限公司,,
1419,巨大機械工業股份有限公司,,
1420,元太科技工業股份有限公司,,
1421,國立科學工藝博物館,,
1422,正連通物流有限公司,,
1423,英屬維京群島商輝達維京股份有限公司,,
1424,佳音,,
1425,金嶧機電,,
1426,絢禾文教科技有限公司,,
1427,台灣谷嘉美有限公司,,
1428,鈊象電子股份有限公司,,
1429,清心福全股份有限公司,,
1430,美商定誼科技股份有限公司,,
1431,中國勞工安全衛生管理學會,,
1432,大葉高島屋,,
1433,禾縕工程顧問有限公司,,
1434,弘華影印店,,
1435,榮成紙業股份有限公司,,
1436,恩智浦,,
1437,睿宬有限公司,,
1438,台灣典範半導體股份有限公司,,
1439,凡谷興業有限公司,,
1440,埕實生活策展,,
1441,三商美福室內裝修股份有限公司,,
1442,早吧,,
1443,DXFCGVHBJNM,,
1444,昇陽光電科技股份有限公司,,
1445,全家新市華興,,
1446,東明海事工程有限公司,,
1447,華威聯合股份有限公司,,
1448,屏榮食品股份有限公司,,
1449,耀騰股份有限公司,,
1450,魚之達人水產股份有限公司,,
1451,包豪氏企業有限公司,,
1452,波音事業有限公司,,
1453,團財團法人高等教育評鑑中心基金會,,
1454,博幼基金會,,
1455,宜承保全公司,,
1456,看守台灣協會,,
1457,統一證券,,
1458,塑膠工業技術發展中心,,
1459,巧新科技工業股份有限公司,,
1460,富邦綜合證券股份有限公司,,
1461,永勝藥品工業股份有限公司,,
1462,創進文理補習班,,
1463,YAHOO,,
1464,茉莉二手書店,,
1465,中華精測,,
1466,新知傳媒有限公司,,
1467,辰昇網路科技ORIGINATE,,
1468,奇翼醫電股份有限公司,,
1469,BONNIE,,
1470,生麗生技-鉑氏美診所,,
1471,圓展科技,,
1472,聯陽半導體股份有限公司,,
1473,致新科技股份有限公司,,
1474,天心工業股份有限公司,,
1475,鼎鼎聯合行銷股份有限公司,,
1476,華擎機械工業股份有限公司,,
1477,中和碁電,,
1478,欣技資訊股份有限公司,,
1479,精聯電子股份有限公司,,
1480,盈智開發股份有限公司,,
1481,大統集團/大立百貨,,
1482,麗尊酒店_麗尊開發股份有限公司,,
1483,大鵬國際停車場_築成工程有限公司,,
1484,華南金融控股股份有限公司,,
1485,誠品生活股份有限公司,,
1486,優視覺溝通有限公司,,
1487,踰翔數位科技有限公司,,
1488,箔町金箔,,
1489,力翰文創,,
1490,國家出版社,,
1491,文森創意行銷有限公司,,
1492,長榮海運股份有限公司,,
1493,錫力科技股份有限公司,,
1494,長榮海運,,
1495,元泰發實業有限公司,,
1496,季庭早餐店,,
1497,宜德復健科診所,,
1498,真工設計工程股份有限公司,,
1499,利芃國際股份有限公司,,
1500,力成科技,,
1501,台灣整合,,
1502,華盛頓幼兒園,,
1503,陞泰科技,,
1504,吉的堡補習班,,
1505,聯詠科技股份有限公司,,
1506,國立台灣師範大學,,
1507,奢華大道有限公司,,
1508,雲門舞集舞蹈教室_雲門國際事業股份有限公司,,
1509,集雅舍國際有限公司,,
1510,阿隆企業社,,
1511,立達徵信社,,
1512,大未來設計股份有限公司,,
1513,魔法牙醫,,
1514,太乙建築師事務所,,
1515,食品有限公司,,
1516,史丹利七和國際股份有限公司,,
1517,普安科技,,
1518,揚明光學股份有限公司,,
1519,昌陽科技,,
1520,集盛實業股份有限公司,,
1521,NCSIST,,
1522,台眾電腦股份有限公司,,
1523,優派國際股份有限公司,,
1524,松川精密股份有限公司,,
1525,瑞昱,,
1526,正淩精密工業股份有限公司,,
1527,康舒科技,,
1528,寶碩財務科技股份有限公司,,
1529,昱品食品有限公司,,
1530,捷濤有限公司,,
1531,飛躍文創股份有限公司,,
1532,穿透力創意行銷科技有限公司,,
1533,寶松股份有限公司,,
1534,龍城馨業有限公司,,
1535,安麥登精研有限公司,,
1536,逗趣,,
1537,動物醫院,,
1538,?三和,,
1539,律典科技有限公司,,
1540,鴻名企業股份有限公司,,
1541,氧樂多牙醫診所,,
1542,全球設計股份有限公司,,
1543,煥德科技股份有限公司,,
1544,砌禾數位動畫股份有限公司,,
1545,宇匯知識科技股份有限公司,,
1546,茂迪股份有限公司,,
1547,建築師事務所,,
1548,巨匠電腦股份有限公司,,
1549,永慶汽車企業股份有限公司,,
1550,智聯服務股份有限公司,,
1551,賦比興業有限公司,,
1552,環科工程顧問股份有限公司,,
1553,社團法人屏東縣林仔邊自然文史保育協會,,
1554,雞三和,,
1555,高宏資訊股份有限公司,,
1556,鼎綸燈光音響整合工程行,,
1557,特力股份有限公司(特力集團),,
1558,立信電子科技有限公司,,
1559,睿揚,,
1560,樂活資訊科技有限公司,,
1561,新加坡商世界科技出版有限公司,,
1562,澔學創客教育有限公司,,
1563,統揚公寓大廈管理維護有限公司,,
1564,稻田出版有限公司,,
1565,覓食國際餐飲企業有限公司,,
1566,慧隆科技股份有限公司,,
1567,大安區古莊社區發展協會,,
1568,仲信資融股份有限公司,,
1569,巧蕾國際貿易股份有限公司,,
1570,拓凱實業股份有限公司,,
1571,裕邦窯業股份有限公司,,
1572,榮富法扶企業管理顧問有限公司,,
1573,尚成企業有限公司,,
1574,是說,,
1575,青森海鮮食堂,,
1576,綠捷電力股份有限公司,,
1577,臺灣鐵路,,
1578,昊鼎文理短期補習班,,
1579,力譔堂整合行銷股份有限公司,,
1580,鉅鈦牙醫診所,,
1581,佐臻股份有限公司,,
1582,凌華科技股份有限公司,,
1583,品鼎殿,,
1584,CHARM,,
1585,微太克科技有限公司,,
1586,聯寶國際文化事業有限公司,,
1587,郁珺,,
1588,西歐科技有限公司,,
1589,華創車電股份有限公司,,
1590,台大生理所,,
1591,文笙國際財務管理顧問股份有限公司,,
1592,騰風國際整合行銷有限公司,,
1593,風傳媒,,
1594,國立大學國際事務處,,
1595,巨航快遞大華倉,,
1596,國家發展委員會檔案管理局,,
1597,財團法人屏東縣私立基督教伯大尼之家,,
1598,多扶事業股份有限公司,,
1599,易遊網旅行社股份有限公司,,
1600,菁英旅行社有限公司,,
1601,陳人豪工作室,,
1602,日商可貿司股份有限公司,,
1603,屈臣氏,,
1604,仲駿股份有限公司,,
1605,凱基銀,,
1606,鬍鬚張,,
1607,牛排大叔,,
1608,53015214,,
1609,傳動數位設計印刷有限公司,,
1610,東貝光電科技股份有限公司,,
1611,麗翔大飯店有限公司,,
1612,美麗華皇家影城,,
1613,國立成功大學國際事務處,,
1614,沃口實業社,,
1615,新元自動化,,
1616,育成勞動合作社,,
1617,集圓科技工業股份有限公司,,
1618,其利國貿股份有限公司,,
1619,新光人壽景安收,,
1620,郡頡工業有限公司,,
1621,集瑞工業社,,
1622,豐日隆實業有限公司,,
1623,SEBONEER,,
1624,高雄市文化局,,
1625,肯默整合設計有限公司,,
1626,海光企業股份有限公司,,
1627,美味鍋小吃店,,
1628,聯傑咖啡事業股份有限公司,,
1629,崇越科技股份有限公司,,
1630,微眾服務有限公司,,
1631,皇悅土地開發有限公司,,
1632,上棚廣告股份有限公司,,
1633,翔國際顧問有限公司,,
1634,台中精機,,
1635,哈根達斯,,
1636,瑪旺幹細胞醫學生物科技股份有限公司,,
1637,味咖啡世代,,
1638,華邦電子股份有限公司,,
1639,海立電氣股份有限公司,,
1640,雙鴻科技股份有限公司,,
1641,華曜出版事業有限公司,,
1642,娜娜國際有限公司,,
1643,雲林縣山線社區大學,,
1644,茱莉亞精品婚紗/54767894,,
1645,海天保全股份有限公司,,
1646,威能汽車百貨有限公司,,
1647,高雄市圖書館,,
1648,神?有限公司,,
1649,HULICOFFE,,
1650,來思得電商有限公司,,
1651,黛莉股份有限公司,,
1652,巴可科技股份有限公司,,
1653,美利德磁磚,,
1654,發福漢堡,,
1655,綠映人資企管顧問有限公司,,
1656,遊戲橘子股份有限公司,,
1657,第三頻道股份有限公司(C,,
1658,築澄室內裝修有限公司,,
1659,轉象設計國際有限公司,,
1660,孔夫子文化科技有限公司,,
1661,X雄X壽,,
1662,魅客國際行銷股份有限公司,,
1663,台南捐血中心,,
1664,柏得捷設計有限公司,,
1665,賽格特整合媒體股份有限公司,,
1666,天力企業股份有限公司,,
1667,思夢樂,,
1668,金龍永盛旅行社股份有限公司,,
1669,柏林頓花園餐飲集團,,
1670,台隆工業社,,
1671,英屬開曼群島商台塑河靜有限公司,,
1672,澄宏國際貿易,,
1673,毛寶股份有限公司,,
1674,財團法人台灣創意設計中心,,
1675,領袖公關有限公司,,
1676,創維企業有限公司,,
1677,矽林科技有限公司,,
1678,蟬說管理顧問有限公司,,
1679,凱傑有限公司,,
1680,聯新開發股份有限公司,,
1681,佳醫美人股份有限公司,,
1682,淡江大學建邦中小企業育成中心,,
1683,HP,,
1684,布斯特機械股份有限公司,,
1685,擎天網路科技有限公司,,
1686,安勝服飾行,,
1687,碩譽文理補習班,,
1688,陽光禮儀股份有限公司,,
1689,亞東紀念醫院,,
1690,九典建築師事務所,,
1691,飛鳥國際旅行社有限公司,,
1692,JASON,,
1693,小小幸福有限公司,,
1694,鈺政企業有限公司,,
1695,旺群國際成衣有限公司,,
1696,里洋商行,,
1697,忠訓國際股份有限公司,,
1698,白玉砂石股份有限公司,,
1699,台北當代藝術中心,,
1700,邑鑫數位,,
1701,創意點子,,
1702,海睿海運承攬運送有限公司,,
1703,創蹟數位科技有限公司,,
1704,雃博股份有限公司,,
1705,達格互動媒體有限公司,,
1706,宇勝通信企業有限公司,,
1707,世曄實業股份有限公司,,
1708,福座開發股份有限公司,,
1709,ACER,,
1710,益翔,,
1711,柏倫實業有限公司,,
1712,華郁旅行社有限公司,,
1713,車勢股份有限公司,,
1714,捷利旅行社有限公司,,
1715,凱莉愛內衣,,
1716,立仁中醫診所,,
1717,形而上畫廊,,
1718,安霸股份有限公司,,
1719,尚德工程行,,
1720,葛洛莉英語,,
1721,唐吉軻德金融科技股份有限公司,,
1722,威勁國際股份有限公司,,
1723,犬貓屋動物醫院,,
1724,特亞科技,,
1725,立大化工股份有限公司,,
1726,大予行銷顧問有限公司,,
1727,四維設計有限公司,,
1728,中華潤滑油股份有限公司,,
1729,迪卡爾綜合設計開發股份有限公司,,
1730,曾理文理補習班,,
1731,水越設計,,
1732,旭屋實業-橫濱洋?子/花須寺,,
1733,巨群資訊股份有限公司,,
1734,大鶯歌保全股份有限公司,,
1735,42999835,,
1736,東東數位科技有限公司,,
1737,國風傳媒有限公司,,
1738,采妍國際股份有限公司,,
1739,寬活大設有限公司,,
1740,愛貓園有限公司,,
1741,蔡瑞芳眼科診所,,
1742,快異點企業有限公司,,
1743,新文豐出版公司,,
1744,達達創意股份有限公司,,
1745,左腦創意行銷,,
1746,三普健康生活世界/三普體育事業,,
1747,天和鮮物股份有限公司,,
1748,種籽設計有限公司,,
1749,鮮茶道有限公司,,
1750,杭特電子股份有限公司,,
1751,頎恆光電有限公司,,
1752,社團法人桃園市助人專業促進協會,,
1753,台灣整合防災工程技術顧問有限公司,,
1754,太子建設開發股份有限公司,,
1755,飛捷科技股份有限公司,,
1756,博士鴨,,
1757,奇香妙草蔬食館,,
1758,BQ美麗智慧SPA美容,,
1759,歡樂派股份有限公司,,
1760,震旦行股份有限公司,,
1761,長安馬達有限公司,,
1762,愛合購股份有限公司,,
1763,台達研究院,,
1764,三井資訊股份有限公司,,
1765,新村商行,,
1766,鉅盈股份有限公司(自行車),,
1767,川林地政士事務所,,
1768,儒億科技股份有限公司,,
1769,台大補習班,,
1770,詠昶文具行,,
1771,劦耀鋼鐵股份有限公司,,
1772,大可居青年旅店,,
1773,大銀微系統股份有限公司,,
1774,煥儷生物科技股份有限公司,,
1775,朱宗慶,,
1776,永豐金證券股份有限公司,,
1777,得勝者文教補習班,,
1778,喵喵屋貓咪旅館,,
1779,創蹟數位科技,,
1780,陽信商業銀行股份有限公司,,
1781,寓意科技股份有限公司,,
1782,學校的某處室,,
1783,羅集文教事業有限公司,,
1784,.,,
1785,凌網科技股份有限公司,,
1786,台北市進出口公會,,
1787,朝陽科技股份有限公司,,
1788,喜美旅行社,,
1789,主富服裝股份有限公司,,
1790,其澤有限公司,,
1791,紅藍彩藝印刷股份有限公司,,
1792,伯朗咖啡股份有限公司,,
1793,菘鐿科技有限公司,,
1794,三民書局股份有限公司,,
1795,時代鐘錶眼鏡行,,
1796,文采設計,,
1797,樂藝設計工作室,,
1798,霹靂國際多媒體,,
1799,金綻文教事業有限公司,,
1800,三商美邦人壽保險股份有限公司,,
1801,東台精機股份有限公司,,
1802,九天開發股份有限公司,,
1803,康乾設計工程有限公司,,
1804,易遊網股份有限公司,,
1805,母語加有限公司,,
1806,新雨出版社,,
1807,大樂文化有限公司,,
1808,紫晶數位,,
1809,傳旭科技股份有限公司,,
1810,台北碧瑤飯店股份有限公司,,
1811,阿根早點（西大）,,
1812,卓蓉實業有限公司,,
1813,穩達資訊有限公司,,
1814,聯合國際實驗教育機構,,
1815,精英電腦,,
1816,台灣精銳,,
1817,水巷茶弄餐飲事業有限公司,,
1818,DHL,,
1819,敏鈞精密機械,,
1820,巨安長齡股份有限公司,,
1821,華晶科技股份有限公司,,
1822,台灣亞瑟網路有限公司,,
1823,尚揚峰互聯有限公司,,
1824,毅通互聯有限公司,,
1825,華芸科技股份有限公司,,
1826,皇亮生醫科技股份有限公司,,
1827,綺瑩資訊股份有限公司,,
1828,亞諾士國際快遞,,
1829,敦德利有限公司,,
1830,鼎天國際股份有限公司,,
1831,統一星巴克股份有限公司,,
1832,小婷電腦,,
1833,慈星實業有限公司,,
1834,京城建設,,
1835,金鍛工業股份有限公司,,
1836,花都商業有限公司,,
1837,格林希爾會展事業有限公司,,
1838,緯育股份有限公司,,
1839,台北榮總感染科,,
1840,教育部體育署,,
1841,新北區農產股份有限公司,,
1842,喜越運通有限公司,,
1843,魔數電腦多媒體股份有限公司,,
1844,華新科技股份有限公司,,
1845,無老餐飲股份有限公司,,
1846,富士通,,
1847,意秋國際百貨股份有限公司,,
1848,天藍小舖,,
1849,有省錢〈五星級〉日式丼飯,,
1850,三普旅行社,,
1851,境謙建築師事務所,,
1852,世紀奧美公關公司,,
1853,翔偉資安科技有限公司,,
1854,國土資源保育學會,,
1855,尼采實業股份有限公司,,
1856,老圃造園工程股份有限公司,,
1857,創意引晴股份有限公司,,
1858,聖功基金會,,
1859,聖功基金會鳳山芥子園,,
1860,華奧博岩品牌創研有限公司,,
1861,紅東東尚好貨社有限公司,,
1862,黑浮,,
1863,木雙企劃有限公司,,
1864,生匯貿易有限公司,,
1865,台北市鎮麟自然科學中心,,
1866,N次坊,,
1867,登豐微電子股份有限公司,,
1868,CELENO,,
1869,富鉅鼎建設股份有限公司,,
1870,台灣玻璃,,
1871,國立成功大學,,
1872,一隻鳥統合行銷有限公司,,
1873,巴菲特咖啡國際股份有限公司,,
1874,雷諾瓦國際有限公司,,
1875,約法國際法律事務所,,
1876,電通國華股份有限公司,,
1877,弘普自動化科技有限公司,,
1878,綠色大地有機農事有限公司,,
1879,新竹縣力揚補習班,,
1880,肯果行銷,,
1881,弘捷電路股份有限公司,,
1882,永豐銀行,,
1883,轟帝寶國際有限公司,,
1884,里界餐飲有限公司,,
1885,克易企業有限公司,,
1886,國泰世華,,
1887,京城科技有限公司,,
1888,柯迪咖啡店,,
1889,葡眾企業股份有限公司,,
1890,育禎電腦有限公司,,
1891,煜興科技有限公司,,
1892,?社企股份有限公司,,
1893,心情故事攝影社,,
1894,台灣武藤科技股份有限公司,,
1895,江華全球,,
1896,人因科技股份有限公司,,
1897,華碩電腦,,
1898,紅豆杉科技股份有限公司,,
1899,69889201,,
1900,金博克通訊有限公司,,
1901,59311281,,
1902,33學堂,,
1903,臺北市旅遊服務中心,,
1904,音樂教室,,
1905,數位點子多媒體股份有限公司,,
1906,屏東科技大學,,
1907,三英鋼鐵股份有限公司,,
1908,銓鴻有限公司,,
1909,漢育工業有限公司,,
1910,華郁旅行社有限公司(高雄分公司),,
1911,伸長彩色印刷股份有限公司,,
1912,亞仕資訊股份有限公司,,
1913,豐盛號,,
1914,綠杏生物科技有限公司,,
1915,杏一,,
1916,九井廣告股份有限公司,,
1917,皇彪企業有限公司,,
1918,財團法人國語日報社,,
1919,72640005,,
1920,中強光電,,
1921,國聯保全股份有限公司,,
1922,汎理大陸顧問有限公司,,
1923,55778659,,
1924,芯鼎科技股份有限公司,,
1925,正連通(正連新),,
1926,雅虎資訊,,
1927,岩葉拉麵,,
1928,綠杏生技有限公司,,
1929,711得富門市,,
1930,47513327,,
1931,康代科技股份有限公司,,
1932,鎰萬工業有限公司,,
1933,盛大電梯企業股份有限公司,,
1934,金線視覺設計工作室,,
1935,恆宇精密鋼模股份有限公司,,
1936,餐廳,,
1937,冠佑聯合有限公司,,
1938,德州儀器工業股份有限公司,,
1939,台北慈濟醫院,,
1940,僑倫彩色製版有限公司,,
1941,森禾田火鍋,,
1942,COCO都可,,
1943,無,,
1944,啦摩卡實業有限公司,,
1945,38488121,,
1946,鼎新電腦,,
1947,公勝保險經紀人股份有限公司,,
1948,瑞憶電子股份有限公司,,
1949,寶雅,,
1950,誠太管理顧問公司,,
1951,勤崴國際科技股份有限公司,,
1952,微星科技股份有限公司,,
1953,貨櫃運輸公司,,
1954,三合一餐飲管理顧問有限公司,,
1955,和財記,,
1956,上台科技,,
1957,地中海會旅行社股份有限公司,,
1958,群英醫學股份有限公司,,
1959,愛室麗家居,,
1960,宇騫數位科技有限公司,,
1961,XX鐘錶,,
1962,中國石油化學工業開發股份有限公司,,
1963,馬可先生,,
1964,南方莊園渡假飯店,,
1965,三立電視股份有限公司,,
1966,庫立馬媒體科技股份有限公司,,
1967,永磐科技股份有限公司,,
1968,忠泰生活開發股份有限公司,,
1969,三商家購觀音物流,,
1970,大同大畏,,
1971,元大證券投資信託股份有限公司,,
1972,45884441,,
1973,COMEBUY,,
1974,微新生物科技,,
1975,翔宇生醫科技股份有限公司,,
1976,桔禾創意整合有限公司,,
1977,台灣華爾卡國際股份有限公司,,
1978,鉅鼎有限公司,,
1979,愛尼曼數位科技股份有限公司,,
1980,青文出版社股份有限公司,,
1981,富立佳企業有限公司,,
1982,家裡蹲創意印刷股份有限公司,,
1983,創造力網頁設計,,
1984,台北富邦商業銀行股份有限公司,,
1985,日商國際計測器股份有限公司,,
1986,茱莉亞精品婚紗,,
1987,一志廣告社,,
1988,鍍匠國際股份有限公司,,
1989,綺麗絲國際有限公司,,
1990,永寬化學股份有限公司,,
1991,甜在心咖啡館,,
1992,九思設計有限公司,,
1993,龍巖股份有限公司,,
1994,SNAPPP,,
1995,育群幼兒園,,
1996,弘益生態有限公司,,
1997,中國砂輪企業股份有限公司,,
1998,六六電商,,
1999,誠品網路書店,,
2000,52345384,,
2001,香港商信可股份有限公司台灣分公司,,
2002,SOSREADER,,
2003,英達科技股份有限公司,,
2004,自然力國際有限公司,,
2005,奇禾互動行銷有限公司,,
2006,九易宇軒股份有限公司,,
2007,照華國際智慧財產權有限公司,,
2008,屏東就業中心,,
