pos_id,pos_name,salary,org_id,place_id
1,軟體工程師,"35,000 / 月",1,1
2,軟體工程師,"22,000 / 月",2,1
3,櫃台,"32,000 / 月",3,1
4,硬體研發工程師,"53,800 / 月",4,6
5,硬體設計工程師,"48,000 / 月",4,8
6,產銷管理師,"50,000 / 月",4,8
7,機構工程師,"60,000 / 月",4,8
8,ME,"69,500 / 月",4,8
9,PM,"60,000 / 月",4,8
10,設備工程師,"60,000 / 月",4,8
11,助理管理師,"37,000 / 月",4,8
12,採購人員,"54,000 / 月",4,8
13,軟韌體測試工程師,"36,000 / 月",4,8
14,專員,"58,000 / 月",4,8
15,熱傳工程師,"1,350,000 / 年",4,8
16,助理工程師,"32,000 / 月",5,6
17,倉管,"29,000 / 月",6,4
18,業務,"60,000 / 月",7,6
19,製程整合工程師,"80,000 / 月",8,15
20,製造課長,"2,800,000 / 年",8,4
21,DTP,"44,500 / 月",8,15
22,?光主要設備工程師(SCANNER),"55,000 / 月",8,4
23,RD工程師,"47,000 / 月",8,15
24,製造副理,"22,000 / 月",8,8
25,自動化整合工程師,"130,000 / 月",8,15
26,生產設備工程師,"48,600 / 月",8,15
27,中班人員,"26,000 / 月",9,2
28,其他研究人員,"10,000 / 月",10,5
29,PM,"70,000 / 月",11,15
30,測試工程師,"600,000 / 年",11,11
31,硬體工程師,"50,000 / 月",11,15
32,總務櫃台,"25,000 / 月",12,5
33,RF通訊工程師,"90,000 / 月",13,13
34,軟體設計工程師,"50,000 / 月",13,13
35,SI/PI工程師,"45,000 / 月",13,13
36,外場人員,160 / 小時,14,19
37,ACCOUN MANAGER,"1,000,000 / 年",15,1
38,專案管理師,"1,000,000 / 年",15,1
39,軟體設計工程師,"50,000 / 月",15,1
40,高級工程師,"900,000 / 年",15,1
41,機構工程師,"850,000 / 年",15,1
42,其他專案管理師,"40,000 / 月",15,1
43,PM,"85,000 / 月",15,1
44,SALES LEADER,"60,000 / 月",15,1
45,軟體工程師,"43,400 / 月",15,1
46,INTERNET程式設計師,"36,000 / 月",16,1
47,軟體工程師,"45,000 / 月",16,1
48,廠務,"600,000 / 年",17,8
49,測試工程師,"35,000 / 月",18,15
50,軟體工程師,"50,000 / 月",18,15
51,廚房內場,160 / 小時,19,8
52,實習生,100 / 日,20,1
53,課長,"60,000 / 月",21,7
54,產品工程師,"40,000 / 月",21,6
55,副理,"60,000 / 月",22,1
56,專案研究員,"43,000 / 月",23,1
57,ISO╱品保人員,"38,750 / 月",24,11
58,製程工程師,"1,100,000 / 年",24,11
59,業務代表,"38,000 / 月",25,10
60,國內市場行銷,"22,000 / 月",25,10
61,博士後研究員,"73,000 / 月",26,2
62,帳務人員,"36,000 / 月",27,1
63,店員,160 / 小時,28,1
64,其他工程研發主管,"92,000 / 月",29,8
65,客戶品質工程師,"47,000 / 月",30,15
66,後端工程師,"840,000 / 年",31,6
67,法規專員,"70,000 / 月",31,1
68,理賠專員,"47,800 / 月",32,1
69,電話客服類人員,"22,000 / 月",32,1
70,專員,"45,000 / 月",32,1
71,員工,"32,000 / 月",33,1
72,設計工程師,"42,000 / 月",34,11
73,軟體工程師,"38,000 / 月",35,1
74,副工程師,"46,000 / 月",35,1
75,軟體工程師,"45,000 / 月",36,1
76,資深軟體工程師,"53,000 / 月",37,1
77,高級工程師,"65,000 / 月",37,1
78,工程師,"55,000 / 月",38,1
79,專案管理師,"38,000 / 月",39,1
80,管理師,"42,300 / 月",39,1
81,行銷服務專員,"26,000 / 月",39,5
82,專利工程師,"75,000 / 月",40,11
83,硬體資深工程師,"70,000 / 月",41,6
84,電子工程師,"39,000 / 月",41,6
85,資料分析實習生,"22,000 / 月",42,1
86,外場服務生,160 / 小時,43,2
87,資料工程師,"22,000 / 月",44,1
88,招募專員,"38,000 / 月",45,1
89,軟體工程師,"700,000 / 年",46,15
90,有機化學分析師,"47,000 / 月",47,2
91,測試工程師,"40,000 / 月",47,6
92,人力資源助理,"28,000 / 月",48,5
93,硬體測試工程師,"51,600 / 月",48,4
94,電子工程師,"800,000 / 年",48,6
95,專案管理主管,"85,000 / 月",48,1
96,人力資源人員,"500,000 / 年",48,5
97,硬體工程師,"50,000 / 月",48,1
98,主任工程師,"1,180,000 / 年",48,6
99,POWER測試工程師,"32,000 / 月",48,6
100,機械工程師,"45,000 / 月",49,1
101,副研究員,"78,400 / 月",50,8
102,研究員,"75,000 / 月",50,8
103,一級技術助理,"28,000 / 月",51,2
104,主任審計員,"48,000 / 月",52,1
105,顧問師,"42,000 / 月",52,1
106,SPECIALIST,"500,000 / 年",52,1
107,採購,"49,000 / 月",53,8
108,藝術行政,"26,000 / 月",54,1
109,關鍵技術機構工程師,"42,000 / 月",55,2
110,門市╱店員╱專櫃人員,"23,800 / 月",55,4
111,工程師,"45,000 / 月",56,15
112,有機合成工程師,"37,000 / 月",56,15
113,合成工程師,"36,000 / 月",56,15
114,製程研發,"46,000 / 月",57,4
115,國內業務人員,"27,000 / 月",58,5
116,工程師,"22,000 / 月",59,6
117,產品工程師,"1,460,000 / 年",60,15
118,資深系統設計師,"600,000 / 年",61,1
119,品管╱檢驗人員,"31,000 / 月",62,7
120,所務,200 / 小時,63,8
121,機構工程師,"22,000 / 月",64,8
122,其他專案管理師,"60,000 / 月",65,6
123,生產線工程師,"48,000 / 月",66,5
124,電子工程師,"48,000 / 月",66,4
125,美工設計,"28,500 / 月",67,10
126,暑期實習生,"32,000 / 月",68,2
127,軟體工程師,"75,000 / 月",68,2
128,高級工程師,"1,050,000 / 年",68,15
129,製程設備工程師,"960,000 / 年",68,8
130,實習生,"27,000 / 月",68,15
131,電子工程師,"60,000 / 月",68,15
132,資深工程師,"1,000,000 / 年",68,2
133,擴散製程工程師,"67,000 / 月",69,15
134,資深設備工程師,"108,000 / 月",69,15
135,實習生,"40,000 / 月",69,15
136,技術員,"55,000 / 月",70,8
137,BIOS工程師,"43,000 / 月",71,8
138,EMC╱電子安規工程師,"22,000 / 月",71,8
139,作業員╱包裝員,"35,000 / 月",71,8
140,SIT系統整合測試,"36,000 / 月",71,8
141,SIT,"43,000 / 月",71,8
142,硬體測試工程師,"40,000 / 月",71,8
143,軟體工程師,"48,000 / 月",71,1
144,電子工程師,"60,000 / 月",71,1
145,高級機構工程師,"47,000 / 月",71,1
146,工讀生,160 / 小時,72,4
147,夜班PT,160 / 小時,73,5
148,行銷業務,"22,000 / 月",74,15
149,研發工程師,"45,000 / 月",74,15
150,產品研發工程師,"48,000 / 月",74,15
151,社群行銷,"22,000 / 月",75,15
152,採購,"24,600 / 月",76,2
153,MACHINE LEARNING RA,"50,000 / 月",77,8
154,研究助理,"37,000 / 月",77,8
155,品牌行銷專員,"33,000 / 月",78,5
156,工程師,"30,000 / 月",79,4
157,記者,"35,000 / 月",80,1
158,行政專員,150 / 小時,81,6
159,外勤工程師,"32,000 / 月",82,1
160,服務人員,"30,000 / 月",83,10
161,員工,158 / 小時,83,1
162,櫃台人員,"22,000 / 月",83,2
163,服務員,"22,000 / 月",83,6
164,製程工程師,"40,000 / 月",84,8
165,業務,"19,000 / 月",85,4
166,數位IC設計工程師,"85,000 / 月",86,15
167,設備工程師,"50,000 / 月",87,5
168,半導體製程工程師,"49,000 / 月",87,5
169,MES工程師,"40,000 / 月",87,8
170,作業員,"33,000 / 月",87,5
171,客戶整合工程師,"50,000 / 月",87,8
172,生產設備工程師,"58,000 / 月",87,5
173,LCD製程工程師,"55,000 / 月",87,4
174,半導體設備工程師,"55,000 / 月",87,8
175,SECTION MANGER,"120,000 / 月",87,8
176,專案產品工程師,"45,000 / 月",87,5
177,半導體工程師,"40,000 / 月",87,5
178,資訊工程師,"45,000 / 月",87,5
179,廠務值班工程師,"35,000 / 月",87,5
180,製程工程師,"700,000 / 年",87,5
181,產品測試工程師,"40,000 / 月",87,5
182,品管╱品保工程師,"50,000 / 月",87,8
183,客戶工程整合工程師,"50,000 / 月",87,8
184,倉管,"28,000 / 月",88,3
185,業務管理師,"450,000 / 年",88,6
186,產品管理師,"56,000 / 月",88,6
187,麵包師,"34,000 / 月",89,6
188,管線建造工程師,"65,000 / 月",90,2
189,資深人資專員,"45,000 / 月",90,1
190,安衛環工程師,"43,000 / 月",90,1
191,設備工程師,"70,000 / 月",90,1
192,方法工程師,"60,000 / 月",90,1
193,記帳╱出納╱一般會計,"30,000 / 月",91,1
194,實習生,"22,000 / 月",92,1
195,系統工程師,"49,000 / 月",93,1
196,助工,"32,000 / 月",93,1
197,經理,"1,800,000 / 年",94,2
198,保全人員╱警衛,"32,000 / 月",95,3
199,業務,"28,000 / 月",96,2
200,生產工程師,"45,000 / 月",97,14
201,研發工程師,"42,800 / 月",97,14
202,國內營業部,"40,000 / 月",97,14
203,助理工程師,"33,500 / 月",97,14
204,機構工程師,"42,000 / 月",97,14
205,高級工程師,"44,000 / 月",98,8
206,約聘人員,"26,000 / 月",99,1
207,資深工程師,"800,000 / 年",99,1
208,實習,"20,000 / 月",99,6
209,經理,"70,000 / 月",99,1
210,兼職外場服務生,156 / 日,100,1
211,代理店長,"350,000 / 年",101,4
212,資深工程師,"520,000 / 年",102,1
213,企劃,"22,000 / 月",102,1
214,軟體工程師,"33,000 / 月",103,1
215,電腦繪圖員,"30,000 / 月",104,11
216,採購經理,"70,000 / 月",105,1
217,資料處理專員,"43,000 / 月",106,1
218,作業員,"33,000 / 月",107,6
219,生產技術╱製程工程師,"60,000 / 月",107,8
220,軟體工程師,"35,000 / 月",108,11
221,UI設計,"22,000 / 月",109,6
222,UI設計師,"42,000 / 月",110,2
223,專案副理,"70,000 / 月",111,8
224,微波工程師,"43,000 / 月",112,3
225,實習生,"28,000 / 月",113,2
226,技術師,"34,500 / 月",113,2
227,自動控制工程師,"55,000 / 月",113,2
228,機構工程師,"48,000 / 月",113,2
229,資深工程師,"100,000 / 月",113,2
230,自動化工程師,"52,000 / 月",113,2
231,業務,"25,000 / 月",114,1
232,秘書,"30,000 / 月",115,5
233,營業人員,"42,000 / 月",116,1
234,硬體工程,"68,000 / 月",117,2
235,美編行銷人員,"28,000 / 月",118,8
236,文書人員,"40,000 / 月",119,1
237,MES工程師,"35,000 / 月",120,6
238,廣告文案企劃,"28,000 / 月",121,6
239,軟體設計工程師,"38,000 / 月",122,1
240,工程師,"380,000 / 月",123,1
241,ACCOUNT MANAGER,"50,000 / 月",124,1
242,實習生,160 / 小時,125,2
243,軟體工程師,"36,000 / 月",125,1
244,系統分析師,"48,000 / 月",125,1
245,軟體工程師,"1,022,000 / 年",126,1
246,客服PT,120 / 小時,127,8
247,賣場陳列人員-寒/暑期工讀生,140 / 小時,127,2
248,業務專員,"40,000 / 月",128,8
249,實習生,160 / 小時,129,1
250,顧問,"38,000 / 月",129,1
251,審計員,"50,000 / 月",129,1
252,副理,"60,000 / 月",129,2
253,化學相關研究員,"48,400 / 月",130,6
254,產品經理,"50,000 / 月",131,3
255,軟韌體工程師,"90,000 / 月",132,15
256,數位IC設計工程師,"150,000 / 月",132,15
257,主任工程師,"140,000 / 月",132,10
258,資深工程師,"2,000,000 / 年",132,15
259,軟體工程師,"100,000 / 月",132,1
260,資深類比IC設計工程師,"100,000 / 月",132,15
261,APR實體佈局工程師,"70,000 / 月",132,15
262,TV FAE工程師,"90,000 / 月",132,10
263,硬體驗證工程師,"1,800,000 / 年",132,10
264,軟體工程師,"95,800 / 月",133,6
265,深度學習演算法工程師,"70,000 / 月",133,8
266,技術助理,"32,000 / 月",134,14
267,電子工程師,"45,000 / 月",134,2
268,設備工程師,"900,000 / 年",134,15
269,韌體設計工程師,"42,000 / 月",134,2
270,製程整合,"57,000 / 月",134,2
271,生產設備工程師,"37,000 / 月",134,14
272,生技工程師,"40,000 / 月",135,5
273,PM,"90,000 / 月",136,8
274,資深軟體工程師,"67,000 / 月",137,6
275,ASSOCIATE PRODUCT MANAGER,"36,000 / 月",138,1
276,客戶服務工程師,"38,000 / 月",139,2
277,後端工程師,"70,000 / 月",140,2
278,硬體工程師,"66,000 / 月",141,15
279,門市╱店員╱專櫃人員,"22,000 / 月",142,8
280,儲備主管,"36,000 / 月",142,2
281,店長╱賣場管理人員,"42,000 / 月",142,8
282,支援大夜,"35,000 / 月",142,2
283,工讀,140 / 小時,142,5
284,暑期實習生,"22,000 / 月",143,4
285,行政總務人員,"22,000 / 月",144,1
286,業務專員,"30,000 / 月",144,1
287,多媒體動畫設計師,"28,000 / 月",144,1
288,人資專員,"30,000 / 月",144,1
289,技術員,"28,000 / 月",145,10
290,硬體工程師,"100,000 / 月",146,10
291,產品售後技術服務,"63,000 / 月",146,4
292,電源工程師,"75,000 / 月",146,8
293,SMT ME工程師,"39,000 / 月",146,8
294,機構工程師,"22,000 / 月",146,8
295,韌體工程師,"57,500 / 月",146,8
296,行銷,"40,000 / 月",146,1
297,產品經理,"110,000 / 月",146,8
298,測試工程師,"71,000 / 月",146,1
299,工業工程師╱生產線規劃,"36,000 / 月",146,4
300,工業工程師,"47,000 / 月",146,8
301,品管主任,"75,000 / 月",147,10
302,產品專員,"50,000 / 月",148,6
303,高級工程師,"58,000 / 月",148,6
304,軟體設計工程師,"43,000 / 月",148,6
305,製程工程師,"950,000 / 年",149,8
306,設備助工,"37,000 / 月",149,8
307,產品設計工程師,"47,500 / 月",149,8
308,研發,"55,000 / 月",150,11
309,工讀生,166 / 小時,151,8
310,客服人員,143 / 小時,152,1
311,業務人員,"40,000 / 月",152,6
312,經營企劃專員,"650,000 / 年",152,1
313,業務專員,"31,000 / 月",153,1
314,手配,"37,000 / 月",153,1
315,會計,"45,000 / 月",153,1
316,旅遊服務專員,"31,000 / 月",153,8
317,助理工程師,"30,000 / 月",154,4
318,國貿人員,"560,000 / 年",154,4
319,高級專員,"43,000 / 月",155,1
320,客服工程師,"44,000 / 月",155,1
321,業務員,32 / 月,155,20
322,影像軟體工程師,"48,000 / 月",156,14
323,資深軟體工程師,"200,000 / 月",157,15
324,工程師,"45,000 / 月",158,1
325,行政,"33,000 / 月",158,1
326,自有品牌PM,"1,100,000 / 年",159,6
327,資深工程師,"53,000 / 月",160,5
328,製造工程師,"49,800 / 月",161,8
329,硬體研發工程師,"68,000 / 月",162,1
330,SQM,"74,000 / 月",163,15
331,工程師,"700,000 / 年",163,15
332,後端工程師,"45,000 / 月",163,6
333,驗證工程師,"38,000 / 月",163,1
334,軟體工程師,"58,000 / 月",163,6
335,PM,"63,000 / 月",163,6
336,硬體工程師,"40,000 / 月",163,6
337,硬體研發工程師,"42,600 / 月",163,6
338,零件工程師,"78,000 / 月",163,1
339,硬體測試工程師,"60,000 / 月",163,1
340,技術主任,"68,000 / 月",163,1
341,硬體工程師。專員,"1,200,000 / 年",163,1
342,產品協調管理師,"35,000 / 月",163,1
343,資深工程師,"52,000 / 月",163,6
344,PHP 後端,"45,000 / 月",164,2
345,經理,"90,000 / 月",165,5
346,工程師,"48,000 / 月",165,8
347,製程設備工程師,"45,000 / 月",166,4
348,PM,"80,000 / 月",167,6
349,助理技術師,"50,000 / 月",168,10
350,經營管理主管,"11,111 / 月",169,2
351,INTERNET程式設計師,"22,000 / 月",170,2
352,副組長,"38,000 / 月",171,1
353,審計實習生,"22,000 / 月",171,1
354,軟體工程師,"43,000 / 月",172,1
355,財務或會計主管,"800,000 / 年",173,1
356,資訊工程師,"44,000 / 月",174,1
357,軟體工程師,"65,000 / 月",174,1
358,ANDROID 工程師,"900,000 / 年",174,1
359,RF 工程師,"55,000 / 月",174,1
360,硬體研發工程師,"70,000 / 月",174,1
361,軟體設計工程師,"70,000 / 月",174,1
362,硬體工程研發主管,"115,000 / 月",174,1
363,品保工程師,"40,000 / 月",174,6
364,CPM,"80,000 / 月",174,1
365,PM,"42,000 / 月",174,1
366,管理師,"39,000 / 月",175,1
367,資深管理師,"50,000 / 月",175,1
368,行銷管理師,"22,000 / 月",175,1
369,商標╱專利人員助理,"25,000 / 月",176,15
370,設備工程師,"22,000 / 月",176,15
371,工程師,"125,000 / 月",176,4
372,半導體設備工程師,"100,000 / 月",176,2
373,模組副工程師,"72,000 / 月",176,2
374,IT實習生,"23,100 / 月",176,4
375,製程整合工程師,"1,600,000 / 年",176,15
376,半導體製程工程師,"60,000 / 月",176,2
377,課長,"22,000 / 月",176,15
378,IT ENGINEER,"1,500,000 / 年",176,15
379,廠務工程師,"63,500 / 月",176,15
380,製程工程師,"45,499 / 月",176,15
381,助理工程師,"30,000 / 月",176,4
382,生管工程師,"40,000 / 月",177,11
383,產品工程師,"40,000 / 月",177,11
384,生產設備工程師,"36,000 / 月",177,15
385,工程師,"40,000 / 月",177,11
386,硬體研發工程師,"42,000 / 月",177,11
387,高級工程師,"45,000 / 月",177,11
388,生管,"22,000 / 月",177,11
389,測試工程師,"40,000 / 月",178,1
390,硬體工程師,"22,000 / 月",178,1
391,研究助理,"43,750 / 月",179,10
392,PROJECT MANAGER,"884,000 / 年",180,1
393,軟體工程師,"50,000 / 月",180,1
394,軟體工程師,"53,000 / 月",181,10
395,軟韌體工程師,"60,000 / 月",181,10
396,資深工程師,"1,000,000 / 年",181,10
397,工程師,"38,000 / 月",182,2
398,品管╱檢驗人員,"25,000 / 月",183,6
399,硬體研發工程師,"22,000 / 月",183,6
400,鐵板燒學徒/師傅 日/晚班,"47,000 / 月",184,1
401,工讀生,"28,000 / 月",185,1
402,工程師,"63,000 / 年",186,1
403,廠務,"32,000 / 月",187,8
404,機構工程師,"58,000 / 月",188,6
405,電子工程師,"50,000 / 月",188,6
406,現場人員,"24,000 / 月",189,4
407,理財實習生,"1,500 / 日",190,1
408,專案專員,"34,000 / 月",191,1
409,工程師,"44,000 / 月",192,2
410,專案主任,"68,000 / 月",193,6
411,外務╱快遞╱送貨,"29,000 / 月",194,1
412,軟體工程師,"1,000,000 / 年",195,1
413,專員,"37,000 / 月",195,2
414,光機工程師,"48,000 / 月",196,10
415,機構工程師,"44,000 / 月",196,10
416,研發主任,"1,100,000 / 年",197,6
417,工程師,"850,000 / 年",198,15
418,助理工程師,"43,000 / 月",198,15
419,機構副工程師,"42,000 / 月",198,15
420,機構工程師,"45,000 / 月",198,6
421,電控工程師,"37,000 / 月",198,15
422,公用課班長,"45,000 / 月",199,8
423,副研究員,"94,500 / 月",200,15
424,台籍助教,180 / 小時,201,5
425,技術員,"27,000 / 月",202,5
426,PM,"50,000 / 月",203,8
427,資深副理,"22,000 / 月",204,4
428,IE工程師,"50,000 / 月",204,4
429,製程設備,"37,500 / 月",204,4
430,技術副理,"62,000 / 月",204,11
431,廠務,"42,000 / 月",204,4
432,SW工程師,"100,000 / 月",205,10
433,設計助理,"36,000 / 月",206,1
434,商品經營,"38,000 / 月",206,1
435,稅務人員,"1,100,000 / 年",207,15
436,工讀生,100 / 日,208,2
437,門市服務員(實習生視同正職),"23,000 / 月",208,3
438,門市人員,"22,000 / 月",208,2
439,軟體工程師,"43,000 / 月",209,8
440,專員,"70,000 / 月",210,1
441,審計員,"43,000 / 月",211,1
442,軟體工程師,"50,000 / 月",212,4
443,招募管理師,"34,000 / 月",213,6
444,ERP工程師,"43,000 / 月",213,6
445,銷售員,"35,000 / 月",213,6
446,製造工程師,"40,000 / 月",214,8
447,特效助理,"27,000 / 月",215,1
448,化學相關研究員,"60,000 / 月",216,2
449,全端工程師,"520,000 / 年",217,1
450,土木技師╱土木工程師,"44,800 / 月",218,1
451,營業員,120 / 小時,219,17
452,資深系統設計工程師,"100,000 / 月",220,15
453,數位IC設計工程師,"150,000 / 月",220,15
454,工程師,"86,500 / 月",220,15
455,資深網頁工程師,"900,000 / 年",221,6
456,軟體工程師,"60,000 / 月",221,6
457,營業主管,"100,000 / 月",222,6
458,生產設備工程師,"35,000 / 月",223,4
459,半導體設備工程師,"80,000 / 月",224,15
460,COLOR FILTER黃光製程工程師,"50,000 / 月",224,15
461,製程整合工程師,"22,000 / 月",224,15
462,行政職員,"29,000 / 月",225,2
463,硬體研發工程師,"60,000 / 月",226,6
464,硬體工程師,"43,000 / 月",226,6
465,行政人員,"27,000 / 月",227,5
466,門市╱店員╱專櫃人員,"26,000 / 月",227,4
467,專案工程師,"32,000 / 月",228,3
468,助理工程師,"36,000 / 月",229,1
469,查帳╱審計人員,"34,000 / 月",230,1
470,顧問,"38,000 / 月",230,1
471,硬體工程師,"37,000 / 月",231,6
472,韌體工程師,"48,000 / 月",231,6
473,軟體工程師,"45,000 / 月",231,1
474,駐廠台積電維修工程師,"32,000 / 月",232,15
475,助理研究員,"38,000 / 月",233,4
476,規劃師助理,"30,000 / 月",234,2
477,研究助理,"33,000 / 月",235,8
478,客服工程師,"40,000 / 月",236,8
479,管理師,"40,000 / 月",237,1
480,整合工程師,"22,000 / 月",238,1
481,研究員,"1,180,000 / 年",239,10
482,軟體工程師,"58,000 / 月",239,15
483,副研究員,"56,000 / 月",239,2
484,硬體工程師,"80,000 / 月",240,6
485,QC,"22,000 / 月",241,1
486,軟體工程師,"22,000 / 月",241,1
487,營運PM,"45,000 / 月",242,1
488,國外業務代表,"32,000 / 月",243,14
489,RF通訊工程師,"50,000 / 月",244,1
490,IT工讀生,160 / 小時,245,1
491,製程工程師,"47,000 / 月",246,15
492,專案副理,"73,000 / 月",247,15
493,國內業務人員,"42,000 / 月",248,8
494,門市╱店員╱專櫃人員,"32,000 / 月",249,1
495,技術工程師,"45,000 / 月",250,1
496,工程師,"60,000 / 月",251,10
497,半導體設備工程師,"57,000 / 月",251,15
498,系統工程師,"700,000 / 年",252,1
499,分析師,"51,000 / 月",252,1
500,UI/UX 工讀生,162 / 小時,252,1
501,產銷,"38,000 / 月",253,1
502,軟體設計工程師,"22,000 / 月",254,6
503,工程師,"22,000 / 月",255,1
504,QA,"22,000 / 月",255,1
505,資訊工程師,"672,000 / 年",256,6
506,櫃檯,"32,000 / 月",257,1
507,人事行政,"32,000 / 月",258,1
508,PT,150 / 小時,259,1
509,軟體助理工程師,"30,000 / 月",260,1
510,PT,158 / 小時,261,5
511,工讀生,150 / 小時,261,4
512,全職員工,"23,500 / 月",261,4
513,專員,"45,000 / 月",261,1
514,裝修工程師,"45,000 / 月",262,1
515,賣場檔期銷售,"1,500 / 日",263,5
516,行員,"22,000 / 月",264,2
517,品保工程師,"48,000 / 月",265,8
518,製造工程師,"43,000 / 月",265,8
519,博士後,"60,000 / 月",266,15
520,分析師,"41,000 / 月",267,1
521,網購部門營業人員,"32,000 / 月",268,2
522,儲備專員,155 / 小時,268,2
523,工程師,"36,000 / 月",269,8
524,測試工程師,"30,000 / 月",270,1
525,軟體工程師,"50,000 / 月",270,1
526,熱流工程師,"25,000 / 月",270,1
527,營運管理師╱系統整合╱ERP專案師,"38,000 / 月",270,1
528,硬體工程師,"60,000 / 月",270,6
529,PM,"75,000 / 月",270,1
530,韌體設計工程師,"70,000 / 月",270,15
531,工業設計,"36,000 / 月",270,1
532,軟體工程師,"35,000 / 月",271,1
533,業務助理,"22,000 / 月",272,6
534,工程師,"46,000 / 月",273,8
535,人力資源副管理師人,"30,000 / 月",273,11
536,業務,"40,000 / 月",274,6
537,軟體工程師,"50,000 / 月",275,15
538,工程師,"50,000 / 月",275,15
539,系統工程師,"40,000 / 月",276,1
540,機械工程師,"60,000 / 月",277,8
541,研發工程師,"50,000 / 月",278,15
542,工程師,"900,000 / 年",279,1
543,光學工程師,"49,500 / 月",280,10
544,其他客戶服務人員,"80,000 / 月",280,10
545,硬體工程師,"730,000 / 年",281,1
546,EE工程師,"980,000 / 年",281,6
547,生產工程師,"32,000 / 月",282,2
548,作業員╱包裝員,160 / 日,283,8
549,櫃檯人員,"338,000 / 年",284,8
550,設計專員,"26,000 / 月",285,2
551,銷售人員,"29,000 / 月",286,1
552,實驗室-課員,"312,000 / 年",287,14
553,半導體工程師,"880,000 / 年",288,15
554,廠務工程師,"38,000 / 月",288,10
555,WIRE BOND工程師,"48,000 / 月",288,10
556,生產設備工程師,"60,000 / 月",288,10
557,研發工程師,"60,000 / 月",288,10
558,IC封裝╱測試工程師,"1,000,000 / 年",288,15
559,國外業務主管,"48,000 / 月",289,14
560,機構工程師,"42,000 / 月",290,8
561,製程助理工程師,"600,000 / 年",291,8
562,生產技術╱製程工程師,"42,000 / 月",291,8
563,工程師,"1,200,000 / 年",292,1
564,專員,"50,000 / 月",293,6
565,外場服務生,"24,000 / 月",294,2
566,品質工程師,"61,500 / 月",295,2
567,設備開發工程師,"50,000 / 月",296,11
568,設備工程師,"46,000 / 月",297,8
569,文書處理,"20,000 / 月",298,5
570,資深工程師,"65,000 / 月",299,1
571,帳務,"350,000 / 年",300,1
572,壽險業務,"24,000 / 月",300,13
573,行政主管,"90,000 / 月",300,6
574,國外業務,"700,000 / 年",301,6
575,作業員,"40,000 / 月",302,8
576,日本商品銷售,160 / 小時,303,1
577,廣告AE業務人員,"40,000 / 月",304,1
578,電子助理工程師,"24,000 / 月",305,6
579,導覽員,"28,000 / 月",306,6
580,軟體工程師,"100,000 / 月",307,10
581,軟體工程師,"50,000 / 月",308,6
582,業務督導,"50,000 / 月",309,2
583,DEVELOPER,"945,000 / 年",310,1
584,作業員,160 / 小時,311,6
585,機構工程師,"1,130,000 / 年",312,8
586,電控工程師,"42,500 / 月",313,17
587,教學助理,200 / 小時,314,6
588,機構工程師,"22,000 / 月",315,5
589,專案設計師,"45,000 / 月",316,15
590,IPQA,"22,000 / 月",317,11
591,自動化工程師,"520,000 / 年",318,4
592,產品工程師,"34,000 / 月",318,4
593,研究助理,"36,000 / 月",319,1
594,軟體工程師,"22,000 / 月",320,1
595,韌體工程師,"50,000 / 月",321,5
596,設備工程師,"46,000 / 月",322,6
597,SEM工程師,"550,000 / 年",322,6
598,元件工程師,"850,000 / 年",322,6
599,半導體設備工程師,"37,000 / 月",322,6
600,硬體工程師,"72,000 / 月",323,6
601,實習工程師,"26,000 / 月",324,6
602,機構工程師,"45,000 / 月",324,15
603,新幹班,"900,000 / 年",324,1
604,硬體研發工程師,"64,000 / 月",324,15
605,PM,"1,000,000 / 年",324,6
606,硬體工程師,"60,000 / 月",324,8
607,IT,"61,000 / 月",324,6
608,櫃台,"26,000 / 月",325,1
609,櫃檯員,"24,000 / 月",326,5
610,行銷企劃人員,"28,000 / 月",326,5
611,軟體工程師,"60,000 / 月",327,15
612,設計師,"30,000 / 月",328,4
613,軟體工程師,"42,000 / 月",329,2
614,機構工程師,"38,000 / 月",329,2
615,FAE,"50,000 / 月",330,8
616,通路行銷,"30,000 / 月",331,6
617,TESTER,"900,000 / 年",332,1
618,SUPERVISOR,"58,000 / 年",333,1
619,生產技術╱製程工程師,"45,000 / 月",334,8
620,牙醫助理,"27,000 / 月",335,2
621,大學伴,320 / 小時,336,15
622,元件工程師,"150,000 / 月",337,15
623,機械工程師,"40,000 / 月",338,2
624,國內業務人員,"22,000 / 月",339,2
625,機構工程師,"720,000 / 年",340,10
626,專案副理,"870,000 / 年",340,10
627,硬體工程,"80,000 / 月",341,8
628,機構工程師,"45,000 / 月",341,8
629,熱傳工程師,"38,000 / 月",342,6
630,副工程師,"34,000 / 月",343,8
631,測試設備工程師,"37,200 / 月",344,11
632,實驗室技術人員,"35,000 / 月",344,11
633,工讀,"25,000 / 月",345,5
634,FIELD ENGINEER,"1,300,000 / 年",346,15
635,軟體工程師,"40,000 / 月",347,1
636,導播,"23,000 / 月",348,4
637,業務,"24,000 / 月",349,2
638,業務主任,"50,000 / 月",350,1
639,財務專員,"50,000 / 月",350,1
640,個別指導講師,"3,000 / 月",351,2
641,商業分析師（約聘）,"36,000 / 月",352,1
642,派遣員工,"23,400 / 月",352,8
643,租賃管理師,"40,000 / 月",353,8
644,機械工程師,"30,000 / 月",354,6
645,餐飲工讀生,158 / 小時,355,6
646,產品經理,"1,000,000 / 年",356,8
647,韌體工程師,"50,000 / 月",357,1
648,助教,"28,000 / 月",358,1
649,美語教師,"30,000 / 月",358,3
650,夜間保全,"31,000 / 月",359,1
651,軟體工程師,"70,000 / 月",360,6
652,面板工程師,"55,000 / 月",361,15
653,製造資訊工程師,"47,000 / 月",361,8
654,製程工程師,"48,000 / 月",362,15
655,技術開發工程師,"660,000 / 年",362,15
656,生產技術╱製程工程師,"35,000 / 月",363,19
657,電話工讀生,160 / 小時,364,1
658,駐廠工程師,"27,500 / 月",365,15
659,產品維修人員,"70,000 / 月",366,1
660,藥師,"60,000 / 月",367,1
661,工讀,160 / 小時,367,1
662,RF工程師,"90,000 / 月",368,15
663,資深硬體工程師,"63,000 / 月",368,10
664,生管,"25,998 / 月",369,4
665,數位IC設計工程師,"1,100,000 / 年",370,15
666,SA,"66,000 / 月",370,15
667,實習工讀生,"30,000 / 月",370,15
668,組裝員,"27,000 / 月",371,2
669,會計,"50,000 / 月",372,1
670,機構工程師,"60,000 / 月",373,15
671,牙醫助理,"40,000 / 月",374,1
672,新產品導入工程師,"63,000 / 月",375,6
673,產品工程師,"54,000 / 月",375,6
674,軟體工程師,"1,300,000 / 年",375,8
675,暑期工讀生,160 / 小時,376,8
676,韌體設計工程師,"43,000 / 月",377,8
677,業助,"28,000 / 月",378,6
678,服務人員,160 / 小時,379,8
679,製程整合,"100,000 / 月",380,24
680,半導體製程工程師,"1,000,000 / 年",380,15
681,整合工程師,"900,000 / 年",380,4
682,設備工程師,"750,000 / 年",380,4
683,工業設計師,"50,000 / 月",381,6
684,平面設計╱美編人員,"27,000 / 月",382,6
685,客戶服務代表,"800,000 / 年",383,1
686,採購專員,"580,000 / 年",384,6
687,模具設計工程師,"35,000 / 月",385,8
688,業務,"60,000 / 月",386,6
689,業務工程師,"50,000 / 月",386,6
690,專員,"36,000 / 月",387,1
691,信貸專員,"61,000 / 月",387,1
692,組長,"30,000 / 月",388,8
693,製程工程師,"43,000 / 月",389,8
694,工程師,"60,000 / 月",389,8
695,登記人員,"22,000 / 月",390,2
696,認證工程師,"76,000 / 月",391,8
697,機構工程師,"47,000 / 月",391,8
698,技術行銷經理,"130,000 / 月",391,8
699,電控工程師,"43,000 / 月",392,8
700,FAE,"38,000 / 月",393,2
701,營業課長,"50,000 / 月",394,1
702,國貿助理,"27,000 / 月",395,2
703,助理工程師,"35,000 / 月",396,8
704,職員,"66,000 / 月",397,2
705,工程師,"42,000 / 月",398,15
706,經理,"1,200,000 / 年",399,6
707,PM,"35,000 / 月",400,1
708,硬體研發工程師,"35,000 / 月",401,15
709,國內業務主管,"40,000 / 月",402,1
710,技術員,"32,000 / 月",403,19
711,設備工程師,"630,000 / 月",404,8
712,專員,"520,000 / 年",405,1
713,機具工程師,"38,000 / 月",406,4
714,實習生,150 / 小時,407,1
715,３Ｄ美術,"46,000 / 月",408,1
716,樓面管理人員,"32,000 / 月",409,2
717,人力資源人員,"30,000 / 月",409,1
718,行銷主管,"800,000 / 年",409,5
719,使用者介面設計師,"50,083 / 月",410,1
720,國外業務人員 (日本線),"31,500 / 月",411,4
721,韌體工程師,"950,000 / 年",412,15
722,軟體工程師,"750,000 / 年",412,8
723,硬體工程師,"46,000 / 月",412,8
724,採購人員,"22,000 / 月",413,15
725,生產工程師,"50,000 / 月",414,6
726,經營分析管理師,"800,000 / 年",414,1
727,系統工程師,"43,000 / 月",415,1
728,PM,"770,000 / 年",416,6
729,活動企劃人員,"22,000 / 月",417,1
730,活動企劃助理,"28,000 / 月",417,6
731,平面設計師,"28,000 / 月",417,1
732,行銷助理,"30,000 / 月",418,2
733,製程工程師,"45,000 / 月",419,8
734,工程師,"45,000 / 月",419,8
735,PM,"45,000 / 月",420,6
736,DATA ENGINEER,"95,000 / 月",421,2
737,測試設備助理工程師,"680,000 / 年",421,2
738,實習生,"22,000 / 月",422,8
739,測試工程師,"32,000 / 月",423,6
740,軟體工程師,"22,000 / 月",424,1
741,人資系統測試人員,160 / 小時,425,1
742,審計,"40,000 / 月",425,1
743,PM,"48,000 / 月",426,1
744,銷售,"38,000 / 月",427,1
745,生產設備工程師,"60,900 / 月",428,15
746,製程整合工程師,"1,600,000 / 年",428,4
747,PE,"56,500 / 月",428,4
748,設備工程師,"52,000 / 月",428,15
749,製造課長(實習),"38,500 / 月",428,15
750,設備工程師,"45,000 / 月",429,2
751,設備維護,"38,000 / 月",429,2
752,其他專案管理師,"61,000 / 月",430,1
753,外場工讀,160 / 小時,431,2
754,國外業務主管,"35,000 / 月",432,1
755,會議獎勵旅遊部門業務專員,"33,000 / 月",432,1
756,工程師,"43,000 / 月",433,5
757,產線,"25,000 / 月",434,15
758,化學分析師,"45,000 / 月",435,6
759,專任助理,"33,000 / 月",436,1
760,光機工程師,"100,000 / 月",437,6
761,保險業務員,"40,000 / 月",438,1
762,技術客服工程師,"56,000 / 月",439,1
763,專員,"30,000 / 月",440,1
764,解題助教,160 / 小時,441,6
765,測試工程師,"40,000 / 月",442,15
766,內場正職,"451,000 / 年",443,7
767,科員,"594,000 / 年",444,1
768,BD SPECIALIST,"70,000 / 月",445,1
769,平面設計師,"40,000 / 月",446,6
770,專員,"40,000 / 月",447,5
771,韌體設計工程師,"240,000 / 月",448,11
772,總務人員,"35,000 / 月",448,11
773,品保助理工程師,"30,000 / 月",449,6
774,研發工讀生,160 / 小時,450,5
775,醫檢師,"42,000 / 月",451,1
776,軟體工程師,"41,000 / 月",451,1
777,國外業務,"40,000 / 年",452,6
778,品管工程師,"35,000 / 月",453,13
779,國外業務,"40,000 / 月",454,2
780,主任工程師,"850,000 / 年",455,6
781,高級工程師,"42,000 / 月",456,1
782,設計工程師,"35,000 / 月",457,8
783,模具工程師,"56,000 / 月",458,6
784,收銀員,120 / 小時,459,8
785,機構工程師,"70,000 / 月",460,1
786,業務助理,"50,000 / 月",461,1
787,機械設計╱繪圖人員,"36,000 / 月",461,10
788,工讀生,"3,600 / 月",462,5
789,會計專員,"30,000 / 月",463,1
790,工務員,"53,000 / 月",464,6
791,財務,"700,000 / 年",465,1
792,影音專員,"42,000 / 月",466,1
793,資深審查專員,"50,000 / 月",467,1
794,副研究員,"41,000 / 月",468,6
795,結構工程師,"44,000 / 月",469,1
796,自動控制工程師,"60,000 / 月",470,6
797,主任,"1,150,000 / 年",471,1
798,約聘人員,"34,916 / 月",472,8
799,現場作業員,"24,000 / 月",473,14
800,服務員,165 / 小時,474,6
801,QA,"36,000 / 月",475,2
802,專案管理,"28,000 / 月",476,1
803,軟體工程師,"60,000 / 月",477,1
804,工讀生,150 / 日,478,9
805,機電工程師,"80,000 / 月",479,2
806,助理,"28,000 / 月",480,4
807,環保工程師,"900,000 / 年",481,8
808,作業員,"43,000 / 月",481,8
809,目視人員,"42,000 / 月",481,8
810,工安人員,"45,000 / 月",482,8
811,業務助理,"30,000 / 月",483,1
812,SQA INTERN,170 / 小時,484,1
813,品管工程師,"42,000 / 月",485,10
814,研究助理,"40,000 / 月",486,1
815,店員,"22,000 / 月",487,1
816,員工,"24,000 / 月",487,13
817,製造科長,"75,000 / 月",488,15
818,晚班執行助理,"1,300 / 日",489,4
819,FAE,"65,000 / 月",490,15
820,環境工程人員 以及水電助手,"2,200 / 月",491,17
821,熱傳,"50,000 / 月",492,15
822,韌體工程師,"800,000 / 年",492,15
823,資深軟體工程師,"870,000 / 年",492,15
824,軟體工程師,"70,000 / 月",492,15
825,軟韌體工程師,"52,000 / 月",492,15
826,產業分析師（實習）,"22,000 / 月",493,10
827,機械工程實習生,"24,000 / 月",493,10
828,軟體工程師,"770,000 / 年",493,10
829,高級工程師,"76,000 / 月",494,15
830,軟體工程師,"75,000 / 月",494,15
831,外派資材,"60,000 / 月",495,13
832,暑期工讀生(RICH職場體驗網經濟弱勢青年工讀計畫),"24,000 / 月",496,1
833,設計助理,"28,000 / 月",497,15
834,櫃台接待,"28,000 / 月",498,20
835,工讀生,160 / 小時,499,16
836,寵物美容師,"45,000 / 月",500,8
837,工程師,"50,000 / 月",501,6
838,測試工程師,"22,000 / 月",502,6
839,後端工程師,"22,000 / 月",503,1
840,托育人員,"30,100 / 月",504,1
841,業務助理,"22,000 / 月",505,8
842,軟體工程師,"56,000 / 月",506,6
843,行政人員,"24,000 / 月",507,8
844,業務員,"15,000 / 月",507,1
845,實習生,"30,000 / 月",507,1
846,實習工程師,160 / 小時,508,10
847,產品經理,"700,000 / 年",509,6
848,房務員,"22,000 / 月",510,4
849,測試設備工程師,"31,000 / 月",511,11
850,實習生,"5,000 / 月",512,1
851,工程員,"600,000 / 年",513,2
852,研發助理,"34,000 / 月",514,5
853,櫃檯員,"26,000 / 月",515,5
854,電子工程師,"52,000 / 月",516,6
855,行銷,"22,000 / 月",517,1
856,收銀部工讀生,"16,000 / 月",518,5
857,軟體工程師,"55,000 / 月",519,6
858,熱流工程師,"44,000 / 月",520,1
859,熱流工程師,"44,000 / 月",521,6
860,QA,"65,000 / 月",522,1
861,軟體工程師,"80,000 / 月",522,1
862,DEVOPS,"65,000 / 月",522,1
863,網頁設計師,"30,000 / 月",523,1
864,產品專員,"750,000 / 年",524,6
865,軟體工程師,"42,000 / 月",524,6
866,專員,"700,000 / 月",524,6
867,SOFTWARE ENGINEER INTERN,200 / 小時,525,1
868,光學工程師,"44,000 / 月",526,10
869,服務員,"14,000 / 月",527,1
870,測試工程師,"60,000 / 月",528,8
871,IC LAYOUT,"45,000 / 月",529,15
872,研究員,"24,000 / 月",530,1
873,審計員,"35,000 / 月",531,1
874,工程師,"40,000 / 月",532,1
875,業務,"46,000 / 月",533,10
876,硬體工程師,"38,000 / 月",534,6
877,應用工程師,"37,000 / 月",534,15
878,小家電專員,"40,000 / 月",535,5
879,工業設計實習生,"25,000 / 月",535,4
880,光學研發工程師,"1,200,000 / 年",536,2
881,生產設備工程師,"97,701 / 月",536,2
882,工程師,"52,000 / 月",537,15
883,設備實習生,"30,000 / 月",537,4
884,製程工程師,"1,000,000 / 年",537,15
885,游泳教練,"50,000 / 月",538,1
886,設計工程師,"30,000 / 月",539,2
887,ARM,"51,000 / 月",540,1
888,軟體工程師,"83,000 / 月",541,1
889,PM,"600,000 / 年",542,10
890,副工程師,"62,200 / 月",542,10
891,實習軟體工程師,"33,000 / 月",542,15
892,實習生,"23,000 / 月",542,4
893,生管,"31,000 / 月",543,8
894,韌體設計工程師,"40,000 / 月",543,10
895,傳播媒體企劃人員,"50,000 / 月",544,1
896,門市人員,158 / 小時,545,1
897,助理專案規劃師,"38,000 / 月",546,1
898,硬體研發工程師,"60,000 / 月",547,6
899,PT,160 / 小時,548,1
900,職員,"25,000 / 月",548,6
901,軟體工程師,"45,000 / 月",549,10
902,國內業務主管,"70,000 / 月",550,1
903,儲備理專,"28,000 / 月",551,6
904,風險分析專員,"780,000 / 年",551,1
905,專案經理,"54,000 / 月",551,1
906,行銷企劃人員,"40,000 / 月",552,1
907,PT,160 / 小時,553,1
908,助理副課長,"43,500 / 月",554,4
909,業務,"34,000 / 月",555,4
910,職員,"22,000 / 月",556,6
911,專員,"42,000 / 月",557,8
912,CAD╱CAM工程師,"35,000 / 月",558,2
913,韌體工程師,"94,000 / 月",559,15
914,工程師,"76,000 / 月",559,15
915,工讀生,160 / 小時,560,1
916,工讀生,120 / 小時,561,8
917,國內業務人員,"35,000 / 月",562,6
918,NC程式工程師,"40,000 / 月",563,2
919,維修工程師,"700,000 / 年",563,2
920,顧問人員,"52,000 / 月",564,1
921,平面設計師,"28,000 / 月",565,1
922,PM,"69,970 / 月",566,6
923,硬體工程師,"35,000 / 月",566,6
924,國外業務人員,"45,000 / 月",567,1
925,測試工程師,"28,000 / 月",568,1
926,獸醫助理,"30,000 / 月",569,4
927,機械工程師,"40,000 / 月",570,6
928,設計工程師,"47,000 / 月",570,6
929,機構工程師,"800,000 / 年",570,6
930,工程師,"850,000 / 年",570,6
931,電商營運專員,"35,000 / 月",571,1
932,機械工程師,"630,000 / 年",572,8
933,分行櫃員,"39,100 / 月",573,1
934,內部業務人員,"27,000 / 月",574,2
935,PM,"34,000 / 月",575,1
936,生產管理,"26,000 / 月",575,8
937,研發工程師,"60,000 / 月",576,15
938,軟體工程師,"52,000 / 月",577,6
939,課員,"30,000 / 月",578,6
940,算是雜工？,140 / 小時,579,1
941,雲端工程師,"45,000 / 月",580,6
942,生產主任,"950,000 / 年",581,8
943,現場副主任,"55,000 / 月",581,8
944,兼任研究助理,"40,000 / 月",582,15
945,PM高級專員,"42,000 / 月",583,6
946,系統研發工程師,"49,285 / 月",584,6
947,生產技術╱製程工程師,"800,000 / 年",585,8
948,工程師,"44,000 / 月",585,6
949,行政人員,"36,000 / 月",586,1
950,軟體工程師,"55,000 / 月",587,15
951,硬體測試工程師,"38,000 / 月",588,6
952,國內業務人員,"25,000 / 月",589,5
953,國內業務人員,"24,000 / 月",590,5
954,國內業務人員,"25,000 / 月",591,5
955,計時人員,140 / 小時,592,5
956,國內業務人員,"21,000 / 月",593,5
957,國內業務人員,"22,000 / 月",594,5
958,國內業務人員,"22,000 / 月",595,5
959,國內業務人員,"28,000 / 月",596,5
960,國內業務人員,"30,000 / 月",597,5
961,國內業務人員,"23,000 / 月",598,5
962,國內業務人員,"26,000 / 月",599,5
963,國內業務人員,"23,800 / 月",600,5
964,專案主任,"34,500 / 月",601,5
965,網購部專員,"1,200 / 日",602,8
966,晚班打單人員,160 / 小時,603,6
967,設備,"22,000 / 月",604,15
968,品質工程師,"700,000 / 月",605,6
969,品保工程師,"22,000 / 月",606,8
970,儲備幹部,"42,000 / 月",606,8
971,工程師,"550,000 / 年",606,8
972,機械工程師,"36,000 / 月",607,8
973,工讀生,160 / 小時,608,8
974,記帳╱出納╱一般會計,"30,000 / 月",609,2
975,國際服務工程師,"48,000 / 月",610,2
976,工讀生,120 / 小時,611,4
977,軟體,"22,000 / 月",612,8
978,資深工程師,"55,000 / 月",613,5
979,軟體工程師,"120,000 / 月",614,1
980,研發實習生,"16,000 / 月",615,8
981,RD,"85,000 / 月",616,1
982,通訊軟體工程師,"80,000 / 月",617,6
983,診所助理,"25,000 / 月",618,5
984,產品開發專員,"39,000 / 月",619,8
985,軟體驗證工程師,"38,000 / 月",620,10
986,軟體工程師,"65,000 / 月",620,10
987,UIUX設計師,"50,000 / 月",620,15
988,SENIOR PRINCIPLE SOFTWARE ENGINEER,"100,000 / 月",621,1
989,實習編輯,"4,000 / 月",622,1
990,工讀生,"26,000 / 月",623,1
991,機構工程師,"65,000 / 月",624,10
992,電控助理工程師,"28,000 / 月",624,10
993,工程師,"42,000 / 月",624,10
994,機構工程師,"48,000 / 月",625,8
995,CE工程師,"65,000 / 月",626,8
996,VR工程師,"57,000 / 月",626,6
997,行銷專員,"45,000 / 月",627,6
998,製程工程師,"600,000 / 年",628,6
999,現場工程師,"42,000 / 月",629,1
1000,牙醫助理,"29,000 / 月",630,8
1001,業務管理師,"49,000 / 月",631,1
1002,餐廚助手,"34,000 / 月",632,2
1003,設計師,"35,000 / 月",633,17
1004,實習生,160 / 小時,634,1
1005,業務助理,"30,000 / 月",634,1
1006,軟體工程師,"22,000 / 月",635,5
1007,熱傳工程師,"40,000 / 月",636,4
1008,組長,"60,000 / 月",637,6
1009,HR,"50,000 / 月",638,15
1010,硬體工程師,"27,000 / 月",639,1
1011,工讀生,158 / 小時,640,8
1012,實習生,"23,000 / 月",641,10
1013,網頁工程師,"40,000 / 月",642,1
1014,機構工程師,"45,000 / 月",643,2
1015,作業員,"23,000 / 月",644,6
1016,半導體製程工程師,"90,000 / 月",645,2
1017,軟體工程師,"22,000 / 月",646,1
1018,研究助理,"40,000 / 月",647,1
1019,技術員,"22,000 / 月",648,10
1020,製程工程師,"65,528 / 月",649,2
1021,半導體製程工程師,"61,500 / 月",649,2
1022,職員,"27,000 / 月",650,6
1023,繪圖人員,"37,500 / 月",651,6
1024,採購助理,"30,000 / 月",652,5
1025,機械工程師,"47,000 / 月",653,5
1026,測試工程師,"37,000 / 月",654,1
1027,高級工程師,"1,000,000 / 年",654,6
1028,產品經理,"60,000 / 月",654,6
1029,製程工程師,"850,000 / 年",655,8
1030,品保,"41,000 / 月",655,8
1031,測試技術員,"33,000 / 月",655,8
1032,硬體測試工程師,"40,000 / 月",656,6
1033,助理,"28,000 / 月",657,8
1034,產品企劃,"46,000 / 月",658,6
1035,測試工程師,"57,000 / 月",658,8
1036,其他專案管理師,"800,000 / 年",659,8
1037,研發助理,"28,000 / 月",660,4
1038,視訊採洽會工讀生,180 / 小時,661,1
1039,店長,"56,000 / 月",662,1
1040,服務員,158 / 小時,663,6
1041,外場工讀生,150 / 小時,663,15
1042,職員,"24,000 / 月",663,3
1043,工讀生,133 / 小時,663,6
1044,倉管,"35,000 / 月",664,17
1045,生產儲備幹部,"600,000 / 年",664,17
1046,資深工程師,"50,000 / 月",665,8
1047,NPI,"50,000 / 月",666,10
1048,設備助理工程師,"42,000 / 月",667,5
1049,RF工程師,"55,000 / 月",668,1
1050,生產設備工程師,"36,000 / 月",669,6
1051,作業員,"23,700 / 月",670,2
1052,個股研究實習生,600 / 日,671,1
1053,助理研究員,"53,000 / 月",672,1
1054,IOS工程師,"25,000 / 月",673,2
1055,企劃導師,"30,000 / 月",674,6
1056,業務助理,"26,000 / 月",675,6
1057,系辦工讀生,"5,000 / 月",676,1
1058,會計專員,"45,000 / 月",677,1
1059,軟體工程師,"28,000 / 月",678,1
1060,工讀生,150 / 小時,679,8
1061,接待員,178 / 小時,679,2
1062,服務人員,103 / 小時,679,6
1063,測試初級工程師,"35,000 / 月",680,2
1064,IOS ENGINEER,"55,000 / 月",681,2
1065,技術員,"32,000 / 月",682,10
1066,平台應用工程師,"1,040,000 / 年",683,1
1067,企劃,"35,000 / 月",684,1
1068,行政助理,"30,000 / 月",685,1
1069,產業研究員,"48,000 / 月",686,1
1070,實習生,"30,000 / 月",687,2
1071,法務專員,"30,000 / 月",688,1
1072,視覺設計師,"25,000 / 月",689,2
1073,中專,"600,000 / 年",690,1
1074,工程師,"45,000 / 月",691,6
1075,生產技術╱製程工程師,"110,000 / 月",692,2
1076,專案工程師,"43,000 / 月",693,1
1077,測試工程師,"35,000 / 月",694,4
1078,資訊助理人員,"38,000 / 月",695,6
1079,安衛管理師,"33,000 / 月",696,8
1080,金融理財專員,"22,000 / 月",697,3
1081,儀電技術工程師,"52,000 / 月",698,5
1082,業務工程師,"39,800 / 月",699,5
1083,工程師,"520,000 / 年",700,5
1084,副工程師,"30,000 / 月",701,8
1085,品管╱檢驗人員,"30,000 / 月",702,10
1086,助理,"27,800 / 月",703,6
1087,資深工程師,"50,000 / 月",704,5
1088,機構工程師,"28,000 / 月",705,6
1089,拉麵店服務員,"36,000 / 月",706,1
1090,顧問,"55,000 / 月",707,15
1091,助教輔導老師,120 / 小時,708,2
1092,服務員,"27,000 / 月",709,2
1093,門市人員,"33,000 / 月",709,6
1094,船務,"22,000 / 月",710,16
1095,業務助理,"28,000 / 月",711,8
1096,資深營業,"45,000 / 月",712,1
1097,行政老師,"30,000 / 月",713,1
1098,維護人員,"60,000 / 月",714,5
1099,實習,160 / 小時,715,1
1100,設備工程師,"38,000 / 月",716,8
1101,軟體工程師,"38,000 / 月",716,8
1102,薄膜製程工程師,"52,200 / 月",717,15
1103,薄膜製程工程師,"52,200 / 月",718,15
1104,材料研發人員,"40,000 / 月",719,8
1105,PM,"40,000 / 月",720,8
1106,兼職收銀員,196 / 小時,721,4
1107,通訊軟體工程師,"60,000 / 月",722,15
1108,製程工程師,"60,000 / 月",723,8
1109,門市專員,"26,000 / 月",724,1
1110,行政秘書,"28,000 / 月",725,1
1111,設計工程師,"560,000 / 年",726,6
1112,研發專案管理師,"54,000 / 月",727,1
1113,國內業務人員,"30,000 / 月",728,1
1114,軟體工程師,"32,000 / 月",729,1
1115,業務工程師,"55,000 / 月",730,2
1116,活動企劃,"26,000 / 月",731,1
1117,專員,"32,000 / 月",732,1
1118,編輯,"32,500 / 月",733,1
1119,系統櫃組裝,"22,000 / 月",734,8
1120,硬體研發工程師,"45,000 / 月",735,1
1121,軟體工程師,"45,000 / 月",736,1
1122,國外業務專員,"47,000 / 月",737,6
1123,國內業務人員,"30,000 / 月",738,2
1124,國內業務主管,"30,000 / 月",738,6
1125,西餐廚師,"373,000 / 年",739,5
1126,門市PT,163 / 小時,740,6
1127,機器視覺工程師,"48,000 / 月",741,15
1128,檢驗員,"23,000 / 月",742,5
1129,高級工程師,"60,000 / 月",743,4
1130,統計諮詢,500 / 小時,744,1
1131,員工,"30,000 / 月",745,17
1132,店員,"23,800 / 月",746,6
1133,業務專員,"500,000 / 年",747,1
1134,SENIOR ENGINEER,"840,000 / 年",748,6
1135,軟體工程師,"58,000 / 月",748,6
1136,行政人員,"32,000 / 月",749,1
1137,研究助理,"50,000 / 月",750,11
1138,新產品開發品質工程工程師,"50,000 / 月",751,6
1139,業務工程師,"42,000 / 月",752,1
1140,演算法工程師,"900,000 / 年",752,1
1141,硬體研發工程師,"48,000 / 月",752,1
1142,工業設計,"23,000 / 月",753,4
1143,教師,"85,000 / 月",754,22
1144,BIOS工程師,"47,000 / 月",755,6
1145,科技中心助理,"32,470 / 月",756,15
1146,資深產品行銷專員,"50,000 / 月",757,6
1147,營業,"25,000 / 月",758,5
1148,組長,"35,650 / 月",759,14
1149,外派人力資源（越南）,"950,000 / 年",759,2
1150,採購人員,"40,000 / 月",759,14
1151,產品維修人員,"396,875 / 年",760,6
1152,門市人員,"28,000 / 月",761,5
1153,店員,"22,000 / 月",761,2
1154,揀貨員（派遣）,150 / 小時,761,5
1155,檢驗員,"28,000 / 月",762,2
1156,行銷企劃,"34,000 / 月",763,1
1157,機構工程師,"38,000 / 月",764,1
1158,業務助理,"33,000 / 月",765,1
1159,財務分析╱財務人員,"32,000 / 月",765,4
1160,專員,"22,000 / 月",765,4
1161,統計專員,"38,000 / 月",766,1
1162,機構工程師,"800,000 / 年",767,1
1163,行政助理,160 / 小時,768,5
1164,牙助,"28,000 / 月",769,5
1165,品管工程師,"36,000 / 月",770,10
1166,侍應,218 / 小時,771,6
1167,主任工程師,"48,000 / 月",772,2
1168,電信╱通訊系統工程師,"48,500 / 月",773,1
1169,生產技術╱製程工程師,"50,000 / 月",774,4
1170,研發工程師,"53,000 / 月",775,15
1171,業務,"40,000 / 月",776,4
1172,裝機工程師,"90,000 / 月",777,4
1173,技術工程師,"38,000 / 月",778,8
1174,專員,"50,000 / 月",779,1
1175,機構工程師,"35,000 / 月",780,6
1176,化妝品研發,"31,000 / 月",781,2
1177,銷售專員,"35,000 / 月",782,1
1178,客服工程師,"720,000 / 年",783,2
1179,行政總務助理,"22,000 / 月",784,1
1180,審計員,"40,000 / 月",785,5
1181,生產設備工程師,"35,000 / 月",786,5
1182,助教,133 / 小時,787,10
1183,專案經理,"100,000 / 月",788,15
1184,ARM,"38,000 / 月",789,1
1185,電信╱通訊系統工程師,"38,000 / 月",790,10
1186,櫃台經辦,"30,000 / 月",791,4
1187,博士後研究員,"66,000 / 月",792,1
1188,類比IC設計工程師,"22,000 / 月",793,10
1189,軟體工程師,"600,000 / 年",794,1
1190,韌體工程師,"76,000 / 月",795,15
1191,類比IC設計工程師,"1,250,000 / 年",795,15
1192,專案管理工程師,"100,000 / 月",796,11
1193,高櫃櫃員,"40,000 / 月",797,1
1194,審計員,"36,000 / 月",798,1
1195,軟體工程師,"44,000 / 月",799,6
1196,導師,"32,000 / 月",800,14
1197,技術員,"32,000 / 月",801,4
1198,維修工程師,"32,000 / 月",801,4
1199,技師,"28,000 / 月",802,5
1200,行政助理,"28,000 / 月",803,1
1201,生技工程師,"28,000 / 月",804,2
1202,UI設計師,"36,000 / 月",805,1
1203,專員,"400,000 / 年",806,8
1204,研發工程師,"42,000 / 月",807,4
1205,平面設計師,"22,000 / 月",808,1
1206,副工程師,"450,000 / 年",809,2
1207,工程師,"50,000 / 月",810,1
1208,教練,"70,000 / 月",811,2
1209,經理,"100,000 / 月",812,1
1210,QA工程師,"9,000 / 月",813,6
1211,演算法研發工程師,"2,200,000 / 年",814,6
1212,創意,"22,000 / 月",815,1
1213,軟體工程師,"22,000 / 月",816,15
1214,韌體工程師,"55,000 / 月",816,15
1215,FAE,"80,000 / 月",817,6
1216,MIS工程師,"32,000 / 月",818,16
1217,設備工程師,"800,000 / 年",819,10
1218,行政人員,"60,000 / 月",819,10
1219,資訊助理,"25,000 / 月",820,8
1220,耐材工程師,"38,000 / 月",821,2
1221,測試工程師,"31,000 / 月",822,4
1222,南區業務,"40,000 / 月",823,5
1223,營建工程師,"55,000 / 月",824,1
1224,工讀生,"35,000 / 月",825,14
1225,生管工程師,"42,000 / 月",826,10
1226,兼職人員,"16,000 / 月",827,1
1227,海外儲備幹部,"1,000,000 / 年",828,2
1228,辦事員,"35,000 / 月",829,1
1229,多媒體設計師,"36,000 / 月",830,1
1230,客服專員,"32,000 / 月",831,1
1231,PM,"750,000 / 年",832,1
1232,副理,"51,500 / 月",833,1
1233,工程師,"36,600 / 月",834,5
1234,國內業務人員,"35,000 / 月",835,1
1235,採購助理,"34,000 / 月",836,1
1236,博士後研究員,"63,000 / 月",837,1
1237,實習生,"23,000 / 月",837,1
1238,研究助理,"37,000 / 月",837,1
1239,PRODUCT ＭERCHANDISER,"503,000 / 年",838,1
1240,技術顧問,"513,500 / 年",839,1
1241,資深工程師,"880,000 / 年",840,1
1242,其他專案管理師,"60,000 / 月",840,1
1243,國內業務人員,"35,000 / 月",841,4
1244,結帳人員,158 / 小時,842,6
1245,機械工程師-實習,"18,000 / 月",843,13
1246,工讀生,165 / 小時,844,1
1247,維護工程師,"31,000 / 月",845,6
1248,會計專員,"35,000 / 月",846,1
1249,機構設計,"47,000 / 年",847,8
1250,PM,"70,000 / 月",848,8
1251,材料測試,"3,000 / 月",849,5
1252,設計工程師,"34,000 / 月",850,8
1253,環境工程師,"30,000 / 月",851,6
1254,公關企劃,"40,000 / 月",852,1
1255,文案編輯,"25,000 / 月",853,4
1256,保養工程師,"50,000 / 月",854,5
1257,引擎技師,"40,000 / 月",855,14
1258,軟體工程師,"95,000 / 月",856,6
1259,倉管,"27,000 / 月",857,8
1260,軟體工程師,"2,200,000 / 年",858,10
1261,雲端工程師,"70,000 / 月",859,1
1262,富邦華一銀行RM實習生,"22,000 / 月",860,1
1263,行政人員,"35,000 / 月",861,6
1264,業務助理,"32,000 / 月",862,6
1265,助教老師,"22,000 / 月",863,1
1266,婚禮顧問,"45,000 / 月",864,1
1267,國貿,"35,000 / 月",865,2
1268,硬體工程師,"82,000 / 月",866,1
1269,軟體實習生,170 / 小時,867,6
1270,本地化專員,"22,000 / 月",868,1
1271,通訊軟體工程師,"30,000 / 月",869,1
1272,事業開發 / 業務,"40,000 / 月",870,1
1273,審計員,"50,000 / 月",871,1
1274,ASSISTANT RELATIONSHIP MANAGER,"900,000 / 年",872,1
1275,生產技術╱製程工程師,"38,000 / 月",873,8
1276,硬體測試工程師,"28,000 / 月",874,1
1277,資深工程師,"65,000 / 月",875,1
1278,SOFTWARE ENGINEER,"35,000 / 月",876,5
1279,國外業務,"28,000 / 月",877,6
1280,券商後線人員,"27,400 / 月",878,1
1281,客服工程師,"35,000 / 月",879,15
1282,機構工程師,"40,000 / 月",880,1
1283,設計助理,"20,000 / 月",881,1
1284,外送員,"32,000 / 月",882,16
1285,助理專員,"36,000 / 月",883,1
1286,PJM,"35,000 / 月",884,6
1287,業務專員,"37,000 / 月",885,6
1288,軟體工程師,"55,800 / 月",886,6
1289,職業安全衛生師,"38,000 / 月",887,1
1290,專利工程師,"50,000 / 月",888,1
1291,門市店員,"28,270 / 月",889,1
1292,平面設計師,"28,000 / 月",890,1
1293,工讀生,"28,000 / 月",891,11
1294,軟體工程師,"40,000 / 月",891,11
1295,國外業務,"33,000 / 月",892,15
1296,電子工程師,"28,000 / 月",893,1
1297,實習生,"12,000 / 月",894,2
1298,銷售人員,"28,000 / 月",895,1
1299,結構工程師,"50,000 / 月",896,1
1300,業務工程師,"3,700 / 月",897,1
1301,類比工程師,"1,400,000 / 年",898,11
1302,業務,"22,000 / 月",899,5
1303,機構工程師,"53,000 / 月",900,8
1304,生產技術╱製程工程師,"60,000 / 月",901,8
1305,工程師,"800,000 / 年",902,5
1306,產品工程師,"40,000 / 月",903,10
1307,軟體工程師,"33,000 / 月",904,1
1308,工讀生,"22,000 / 月",905,8
1309,研究助理,"540,000 / 年",906,1
1310,製程工程師,"36,600 / 月",907,6
1311,工程師,"38,000 / 月",908,6
1312,專案設計師,"45,000 / 月",909,1
1313,實習研發工程師,"15,000 / 月",910,2
1314,專員,"35,000 / 月",911,1
1315,約僱人員,"34,916 / 月",912,6
1316,客戶品質工程師,"85,000 / 月",913,15
1317,軟體工程師,"59,000 / 月",913,15
1318,替代役,"6,000 / 月",914,17
1319,高級韌體工程師,"49,200 / 月",915,6
1320,作業員,"26,000 / 月",916,15
1321,櫃檯秘書,"30,000 / 月",917,11
1322,工程師,"700,000 / 年",918,8
1323,美術設計,"23,800 / 月",919,5
1324,軟體工程師,"50,000 / 月",920,1
1325,PARADA SALES,"60,000 / 月",921,1
1326,軟體工程師,"43,000 / 月",922,5
1327,軟體工程師,"500,000 / 年",923,1
1328,行銷專員,"35,000 / 月",924,1
1329,行銷專員,"35,000 / 月",925,1
1330,行銷專員,"35,000 / 月",926,1
1331,液晶工程師,"60,000 / 月",927,8
1332,專員,"60,000 / 月",928,1
1333,產品工程師,"950,000 / 年",929,6
1334,INTERNET程式設計師,"28,000 / 月",930,5
1335,研發工程師,"43,000 / 月",931,5
1336,資深圖書管理專員,"28,100 / 月",932,2
1337,圖書管理專員,"25,000 / 月",932,1
1338,專案管理工程師,"45,000 / 月",933,1
1339,品管工程師,"50,000 / 月",934,8
1340,資訊工程師,"47,800 / 月",935,10
1341,存匯櫃檯人員,"450,000 / 年",936,1
1342,委員助理,"30,000 / 月",937,1
1343,海外儲備幹部,"25,000 / 月",938,2
1344,一級技術員,"35,000 / 月",938,2
1345,國外業務助理,"36,000 / 月",939,1
1346,駐廠工程師,"33,400 / 月",940,2
1347,研究助理,"37,000 / 月",941,4
1348,國外業務,"50,000 / 月",942,6
1349,產品研發工程師,"75,000 / 月",943,6
1350,工讀生,158 / 小時,944,1
1351,打工,"22,000 / 月",945,1
1352,工讀生,158 / 小時,946,2
1353,供應鏈處長,"130,000 / 月",947,6
1354,CUSTOMER SUPPORT ENGINEER,"1,200,000 / 年",948,4
1355,工程師,"35,000 / 月",949,6
1356,專員,"36,000 / 月",950,9
1357,美編人員,"28,000 / 月",951,8
1358,銷售顧問,"28,000 / 月",952,2
1359,工程師,"56,000 / 月",953,15
1360,軟體工程師,"330,000 / 年",954,4
1361,CUSTOMER SERVICE,"24,000 / 月",955,8
1362,軟體工程師,"52,000 / 月",956,15
1363,業務專員,"40,000 / 月",957,2
1364,軟體工程師,"108,000 / 月",958,6
1365,專案主任,"80,000 / 月",958,6
1366,儲備顧問,"45,000 / 月",959,2
1367,實習生,"23,100 / 月",959,6
1368,門市正職人員,"27,000 / 月",960,4
1369,助理工程師,"36,000 / 月",961,2
1370,資深工程師,"81,250 / 月",961,2
1371,影片企劃小編,"27,000 / 月",962,1
1372,行銷,"35,000 / 月",963,1
1373,技術員,"55,000 / 月",964,4
1374,助手,"22,000 / 月",965,2
1375,工程師,"65,000 / 月",966,15
1376,行銷企劃,"55,000 / 月",967,1
1377,IC封裝╱測試工程師,"720,000 / 年",968,10
1378,行銷企劃,"34,000 / 月",969,1
1379,客服工程師,"38,000 / 月",970,2
1380,軟體工程師,"35,000 / 月",971,8
1381,業務員,"40,000 / 月",972,6
1382,美容顧問,"60,000 / 月",973,5
1383,客服員,"30,000 / 月",974,1
1384,實習生,150 / 小時,975,1
1385,工讀輔導老師,170 / 小時,976,6
1386,實習生,"23,000 / 月",977,1
1387,英文老師,"30,000 / 月",978,8
1388,資深工程師,"75,000 / 月",979,10
1389,軟體工程師,"55,000 / 月",980,15
1390,英文老師,450 / 小時,981,4
1391,行政專員,"30,000 / 月",982,1
1392,社工,"35,000 / 月",983,4
1393,經理,"1,000,000 / 年",984,10
1394,軟體工程師,"55,000 / 月",985,1
1395,軟體工程師,"40,000 / 月",986,6
1396,專案工程師,"38,000 / 月",987,15
1397,ISO╱品保人員,"30,500 / 月",988,2
1398,專案招募專員,"30,000 / 月",989,1
1399,廠務,"40,000 / 月",990,2
1400,高級工程師,"70,000 / 月",990,15
1401,製程設備工程師,"42,700 / 月",990,4
1402,業務,"60,000 / 月",991,1
1403,PE工程師,"60,000 / 月",992,6
1404,硬體工程師,"32,000 / 月",993,6
1405,國外業務主管,"28,000 / 月",994,2
1406,國內業務人員,"32,000 / 月",995,1
1407,專案工程師,"35,000 / 月",996,15
1408,助理研究員,"529,999 / 年",997,15
1409,軟體設計工程師,"52,000 / 月",998,1
1410,維修工程師,"58,000 / 月",998,15
1411,工程師,"560,000 / 年",999,2
1412,助理工程師,"32,000 / 月",1000,5
1413,系統助理工程師,"35,000 / 月",1001,5
1414,作業員,"22,000 / 月",1002,8
1415,工讀,158 / 小時,1003,15
1416,保險業務╱經紀人,"50,000 / 月",1004,2
1417,驗證工程師,"100,000 / 月",1005,15
1418,總務人員,"22,000 / 月",1006,1
1419,國內外業務,"30,000 / 月",1007,17
1420,電機技師╱工程師,"35,000 / 月",1008,4
1421,會計,"32,000 / 月",1009,5
1422,內勤,"22,000 / 月",1010,9
1423,軟體設計工程師,"80,000 / 月",1011,8
1424,韌體工程師,"48,000 / 月",1012,4
1425,網拍小編兼出貨人員,158 / 小時,1013,2
1426,設備,"42,000 / 月",1014,15
1427,專案管理主管,"90,000 / 月",1015,6
1428,專員,"40,000 / 月",1016,6
1429,軟體工程師,"76,000 / 月",1017,1
1430,硬體工程師,"40,000 / 月",1018,8
1431,軟體工程師,"30,000 / 月",1019,1
1432,安全人員,"28,000 / 月",1020,1
1433,生管,"26,000 / 月",1021,2
1434,業務襄理,"80,000 / 月",1022,2
1435,計時人員,150 / 小時,1023,15
1436,韌體工程師,"84,000 / 月",1024,1
1437,CNC機台操作人員,"22,000 / 月",1025,2
1438,蝕刻製程工程師,"43,000 / 月",1026,15
1439,業務,"35,000 / 月",1027,6
1440,助理工程師,"36,000 / 月",1028,8
1441,電腦繪圖人員,"28,000 / 月",1029,2
1442,生管工程師,"41,000 / 月",1030,11
1443,國外業務人員,"32,000 / 月",1031,10
1444,技術員,"30,000 / 月",1032,8
1445,生產技術╱製程工程師,"60,000 / 月",1032,8
1446,軟體工程師,"55,000 / 月",1033,6
1447,MIS,"34,000 / 月",1034,2
1448,電源工程師,"35,000 / 月",1035,5
1449,ＰＭ,"33,000 / 月",1036,6
1450,業務開發,"46,000 / 月",1037,6
1451,平面設計╱美編人員,"23,800 / 月",1038,2
1452,法務人員,"48,066 / 月",1039,1
1453,電訪人員,"22,000 / 月",1040,8
1454,醫檢師,"40,000 / 月",1041,1
1455,行銷業務,"52,000 / 月",1042,1
1456,設備工程師,"38,000 / 月",1043,2
1457,地勤,"30,000 / 月",1044,8
1458,儲訓技術員,"21,600 / 月",1044,1
1459,運務員,"42,000 / 月",1045,1
1460,工讀生,"22,000 / 月",1046,2
1461,活動工讀生,"22,000 / 月",1047,1
1462,硬體工程,"370,000 / 月",1048,1
1463,機台軟件工程師,"38,000 / 月",1049,2
1464,人力派遣,200 / 小時,1050,8
1465,資深硬體工程師,"59,000 / 月",1050,1
1466,現場工程師,"46,000 / 月",1051,2
1467,吉他教師,"22,000 / 月",1052,2
1468,美編設計師,"28,000 / 月",1053,6
1469,工程師,"40,000 / 月",1054,1
1470,業務助理,"32,000 / 月",1055,1
1471,C++軟體工程師,"22,000 / 月",1056,1
1472,班導師,"28,000 / 月",1057,15
1473,副理,"22,000 / 月",1058,6
1474,機構工程師,"70,000 / 月",1059,6
1475,營業員,"28,600 / 月",1060,1
1476,按摩╱推拿師,"22,000 / 月",1061,2
1477,驗證IP工程師,"1,000,000 / 年",1062,1
1478,外裝開發工程師,"45,000 / 月",1063,8
1479,工程師,"40,000 / 月",1064,6
1480,技術員,"35,000 / 月",1065,8
1481,客服工程師,"55,000 / 月",1065,8
1482,CAD╱CAM工程師,"40,000 / 月",1065,8
1483,工程師,"65,000 / 月",1066,15
1484,軟體工程師,"890,000 / 年",1067,1
1485,工讀生,"1,000 / 月",1068,6
1486,助理工程師,"50,000 / 月",1069,15
1487,可靠度工程師,"33,000 / 月",1069,15
1488,測試工讀生,150 / 小時,1070,6
1489,BIOS工程師,"34,000 / 月",1070,6
1490,硬體工程師,"60,000 / 月",1071,6
1491,工程部副理,"55,000 / 月",1072,2
1492,行銷專員,"35,000 / 月",1073,3
1493,行銷專員,"35,000 / 月",1074,1
1494,職工,"43,000 / 月",1075,1
1495,活動企劃,"30,000 / 月",1076,6
1496,軟體設計工程師,"85,000 / 月",1077,1
1497,業務助理,"27,000 / 月",1078,17
1498,機構工程師,"39,000 / 月",1079,2
1499,MES工程師,"42,000 / 月",1080,15
1500,品保,"40,000 / 月",1081,2
1501,平面設計師,"22,000 / 月",1082,9
1502,工讀,137 / 小時,1083,4
1503,PT,158 / 小時,1084,11
1504,澳洲客服,"28,000 / 月",1085,1
1505,人資,"35,000 / 月",1086,1
1506,機構工程師,"22,000 / 月",1087,15
1507,行銷企劃人員,"38,000 / 月",1088,1
1508,ISO╱品保人員,"48,800 / 月",1089,5
1509,硬體研發工程師,"60,000 / 月",1090,8
1510,軟體設計工程師,"35,000 / 月",1091,1
1511,軟體工程師,"81,000 / 月",1092,1
1512,韌體工程師,"34,000 / 月",1093,1
1513,PM,"35,000 / 月",1094,1
1514,品保工程師,"35,000 / 月",1095,16
1515,工讀生,158 / 小時,1096,2
1516,經理,"55,000 / 月",1097,1
1517,網路工程師,"35,000 / 月",1098,1
1518,記者,600 / 日,1099,1
1519,業助,"26,000 / 月",1100,1
1520,生產技術╱製程工程師,"44,000 / 月",1101,13
1521,國內業務人員,"700,000 / 年",1102,15
1522,業務,"80,000 / 月",1103,1
1523,設備維修人員,"30,000 / 月",1104,8
1524,軟體工程師,"600,000 / 年",1105,2
1525,課長,"60,000 / 月",1106,10
1526,助理工程師,"38,000 / 月",1107,4
1527,服務工程師,"34,000 / 月",1108,5
1528,AM,"35,000 / 月",1109,1
1529,機構工程師,"32,000 / 月",1110,4
1530,軟體工程師,"22,000 / 月",1111,6
1531,外銷業務專員,"28,000 / 月",1112,6
1532,研發工程師,"1,450,000 / 年",1113,8
1533,機械工程師,"40,000 / 月",1114,8
1534,汽車╱機車引擎技術人員,"30,000 / 月",1115,4
1535,領班,"48,000 / 月",1116,8
1536,機構工程師,"40,000 / 月",1117,6
1537,聲學工程師,"50,000 / 月",1118,10
1538,機械工程師,"45,000 / 月",1119,2
1539,專員,"55,000 / 月",1120,1
1540,資訊助理人員兼職,"20,000 / 月",1120,6
1541,軟體工程師,"80,000 / 月",1120,1
1542,經管,"45,000 / 月",1121,6
1543,UI設計師,"38,000 / 月",1122,2
1544,PM,"53,000 / 月",1123,16
1545,業務,"40,000 / 月",1124,1
1546,動態特效設計,"55,000 / 月",1125,2
1547,高級機構工程師,"22,000 / 月",1126,6
1548,其他專案管理師,"45,000 / 月",1127,8
1549,大廳組計時人員,145 / 小時,1128,5
1550,軟體工程師,"32,000 / 月",1129,2
1551,海外業務,"50,000 / 月",1130,1
1552,軟體工程師,"45,000 / 月",1131,1
1553,總務(總包),"26,000 / 月",1132,5
1554,PM,"40,000 / 月",1133,1
1555,房務,"25,000 / 月",1134,3
1556,行銷企劃人員,"40,000 / 月",1135,1
1557,資訊人員,"26,000 / 月",1136,9
1558,資訊安全工程師,"38,000 / 月",1137,2
1559,暑期實習生,"20,000 / 月",1138,15
1560,產品工程師,"100,000 / 月",1138,15
1561,管理師,"49,500 / 月",1139,1
1562,工程師,"45,000 / 月",1140,8
1563,硬體測試工程師,"54,000 / 月",1141,2
1564,高級工程師,"61,000 / 月",1142,15
1565,硬體工程師,"51,000 / 月",1143,15
1566,業務管理師,"40,000 / 月",1144,2
1567,國內業務人員,"28,000 / 月",1145,9
1568,ERP系統開發,"52,000 / 月",1146,5
1569,理貨,158 / 小時,1147,8
1570,醫檢師,"45,000 / 月",1148,9
1571,工程師,"36,000 / 月",1149,6
1572,研究助理,"45,000 / 月",1150,8
1573,業務,"30,000 / 月",1151,1
1574,硬體工程師,"65,000 / 月",1152,15
1575,技工,"28,993 / 月",1153,4
1576,CNC機台操作人員,"30,000 / 月",1153,4
1577,記帳╱出納╱一般會計,"28,000 / 月",1154,2
1578,審計,"34,000 / 月",1155,15
1579,硬體研發工程師,"46,000 / 月",1156,8
1580,晚班工讀生,140 / 小時,1157,6
1581,門市╱店員╱專櫃人員,155 / 小時,1157,6
1582,韌體設計工程師,"43,000 / 月",1158,6
1583,電子工程師,"43,000 / 月",1158,6
1584,硬體工程師,"600,000 / 年",1158,6
1585,化驗專員,"40,000 / 月",1159,6
1586,資深電子工程師,"70,000 / 月",1160,6
1587,MIS程式設計師,"32,000 / 月",1161,8
1588,機械設計,"620,000 / 年",1161,8
1589,行政助理-資訊人員,"28,000 / 月",1162,1
1590,實習生,"22,000 / 月",1163,6
1591,專員,"38,000 / 月",1164,1
1592,後勤,"35,000 / 月",1165,1
1593,企劃專員,"35,000 / 月",1166,8
1594,硬體工程師,"43,000 / 月",1167,10
1595,資料庫管理師,"32,000 / 月",1168,1
1596,作業員,"30,500 / 月",1169,16
1597,實習生,"2,000 / 月",1170,4
1598,暑期工讀生,"23,000 / 月",1171,1
1599,實習軟體工程師助理,150 / 小時,1172,6
1600,製程整合,"1,000,000 / 年",1173,4
1601,元件開發工程師,"63,000 / 月",1173,4
1602,主任工程師,"66,000 / 月",1173,4
1603,韌體工程師,"82,000 / 月",1174,15
1604,硬體工程師,"56,000 / 月",1175,10
1605,韌體設計工程師,"56,000 / 月",1175,15
1606,工程師,"70,000 / 月",1176,8
1607,硬體研發工程師,"65,000 / 月",1176,5
1608,外場,"24,000 / 月",1177,13
1609,會計主任,"1,300,000 / 年",1178,1
1610,製程工程師,"44,000 / 月",1179,15
1611,軟體工程師,"54,000 / 月",1180,5
1612,行政人員,"40,000 / 月",1181,1
1613,資深電子工程師,"51,000 / 月",1182,8
1614,業務,"37,000 / 月",1183,6
1615,AI演算法工程師,"42,000 / 月",1184,2
1616,工程師,"700,000 / 年",1185,8
1617,工程師,"54,000 / 月",1186,5
1618,業務助理,"22,000 / 月",1187,4
1619,門市店長,"30,000 / 月",1188,8
1620,專員,"38,000 / 月",1188,8
1621,工程師,"31,000 / 月",1189,2
1622,工程師,"37,000 / 月",1190,5
1623,行政管理師,"34,998 / 月",1191,10
1624,機構工程師,"600,000 / 年",1192,2
1625,設計師,"22,000 / 月",1193,1
1626,軟體設計工程師,"38,000 / 月",1194,2
1627,業務企劃,"28,000 / 月",1195,1
1628,網路社群小編,"30,000 / 月",1196,1
1629,軟體工程師,"420,000 / 年",1197,2
1630,業務工程師,"28,000 / 月",1198,8
1631,機器學習工程師,"80,000 / 月",1199,1
1632,副理,"70,000 / 月",1200,14
1633,民調人員,160 / 小時,1201,1
1634,實習生,"12,000 / 月",1201,1
1635,IC封裝╱測試工程師,"80,000 / 月",1202,15
1636,採購專員,"30,000 / 月",1203,8
1637,正職銷售人員,"23,000 / 月",1204,5
1638,設計,"36,000 / 月",1205,1
1639,行政人員,"27,000 / 月",1206,1
1640,工程師,"800,000 / 年",1207,10
1641,美編行銷,"34,000 / 月",1208,1
1642,門市╱店員╱專櫃人員,"30,000 / 月",1209,8
1643,技術員,"30,000 / 月",1210,8
1644,副研究員,"22,000 / 月",1211,1
1645,實習生,"22,000 / 月",1212,1
1646,行銷實習生,"22,000 / 月",1212,1
1647,硬體工程師,"57,000 / 月",1213,8
1648,英語老師,"28,000 / 月",1214,4
1649,副研究員,"45,000 / 月",1215,8
1650,會計,"23,000 / 月",1216,2
1651,國際研發工程師,"900,000 / 年",1217,6
1652,分析師,"530,000 / 年",1218,1
1653,軟體工程師,"530,000 / 年",1218,1
1654,店員,"40,000 / 月",1219,15
1655,工讀,"22,000 / 月",1220,6
1656,專員,"70,000 / 月",1221,1
1657,人力資源人員,"45,000 / 月",1222,1
1658,正職,"33,000 / 月",1223,1
1659,RD助理工程師,"40,000 / 月",1224,2
1660,會計,"32,000 / 月",1225,8
1661,主辦會計,"36,000 / 月",1226,8
1662,電腦繪圖人員,"23,800 / 月",1227,8
1663,機構工程師,"38,623 / 月",1228,6
1664,軟體工程師,"50,000 / 月",1229,1
1665,軟體工程師,"22,000 / 月",1230,10
1666,FAE,"800,000 / 年",1231,1
1667,建築設計師,"30,000 / 月",1232,1
1668,正值,"28,000 / 月",1233,2
1669,品保工程師,"40,000 / 月",1234,4
1670,工程師,"37,500 / 月",1235,2
1671,工程師,"49,000 / 月",1236,5
1672,專利工程師,"33,500 / 月",1237,1
1673,設備工程師,"40,000 / 月",1238,4
1674,產品光學工程師,"700,000 / 年",1239,4
1675,研究助理,"36,050 / 月",1240,5
1676,機電技師╱工程師,"50,000 / 月",1241,1
1677,品管工程師,"50,000 / 月",1242,8
1678,數位IC設計工程師,"51,000 / 月",1243,15
1679,半導體工程師,"22,000 / 月",1244,15
1680,工程師,"50,000 / 月",1245,15
1681,產品經理,"75,000 / 月",1246,1
1682,生產技術╱製程工程師,"28,600 / 月",1247,5
1683,技術員,"28,000 / 月",1248,16
1684,廠務值班工程,"50,000 / 月",1249,2
1685,辦事員,"25,000 / 月",1250,1
1686,班導師,158 / 小時,1251,1
1687,客戶服務專員,"34,000 / 月",1252,1
1688,美工,"23,000 / 月",1253,2
1689,噴漆技師,"36,000 / 月",1254,4
1690,粉專小編,"30,000 / 月",1255,6
1691,加油員,150 / 小時,1256,22
1692,採購專員,"38,000 / 月",1257,1
1693,數理補習班老師,155 / 小時,1258,3
1694,生產設備工程師,"47,000 / 月",1259,4
1695,硬體研發工程師,"27,000 / 月",1260,1
1696,擴建工程師,"65,000 / 月",1261,16
1697,軟體工程師,"36,000 / 月",1262,8
1698,儲備幹部,"42,000 / 月",1263,1
1699,韌體設計工程師,"100,000 / 月",1264,15
1700,餐飲服務生,165 / 小時,1265,5
1701,MIS╱網管主管,"40,000 / 月",1266,6
1702,開發業務,"34,000 / 月",1267,1
1703,客服人員,"35,000 / 月",1268,1
1704,儲備幹部 社員,"30,500 / 月",1269,1
1705,FW,"51,000 / 月",1270,1
1706,助理工程師,"29,000 / 月",1271,5
1707,多媒體動畫設計師,"22,000 / 月",1272,2
1708,媒體公關╱宣傳採買,"400,000 / 年",1273,1
1709,專案行政人員,"25,000 / 月",1274,5
1710,行銷,"36,000 / 月",1275,1
1711,維運工程師,"30,000 / 月",1276,1
1712,生產設備工程師,"33,000 / 月",1277,4
1713,行政美編,"27,000 / 月",1278,2
1714,維修助理工程師,"28,000 / 月",1279,6
1715,工程師,"35,000 / 月",1280,4
1716,倉儲部助理工程師(倉管),"26,000 / 月",1281,2
1717,美編,"30,000 / 月",1282,6
1718,建築設計╱繪圖人員,"53,000 / 月",1283,13
1719,室內設計師,"32,000 / 月",1284,1
1720,實習生,"23,000 / 月",1285,1
1721,電腦系統分析師,"68,000 / 月",1286,3
1722,前端工程師,"700,000 / 年",1287,1
1723,研究助理,"36,050 / 月",1288,2
1724,網路行銷總監,"23,800 / 月",1289,1
1725,資安工程師,"22,000 / 月",1290,1
1726,美工／動畫設計師,"22,000 / 月",1291,5
1727,空間設計師,"26,000 / 月",1292,1
1728,工程師,"22,000 / 月",1293,1
1729,工程師,"60,000 / 月",1294,8
1730,韌體設計工程師,"46,000 / 月",1295,8
1731,資深管理師,"50,166 / 月",1296,1
1732,PROCESS ENGINEER,"900,000 / 年",1297,2
1733,室內設計師,"55,000 / 月",1298,1
1734,研發實習,"22,000 / 月",1299,8
1735,實習,"24,000 / 月",1299,8
1736,資安工程師,"57,000 / 月",1300,1
1737,業務助理,"36,000 / 月",1301,6
1738,線上英文老師,250 / 小時,1302,6
1739,組裝人員,"32,000 / 月",1303,2
1740,日文行政,"30,000 / 月",1304,1
1741,生產技術╱製程工程師,"27,500 / 月",1305,2
1742,維修工程師,"30,000 / 月",1306,8
1743,行政人員(實際是網路行銷美編),"26,000 / 月",1307,6
1744,業務,"60,000 / 月",1308,1
1745,人資,"22,000 / 月",1309,1
1746,專業人員,"39,000 / 月",1310,1
1747,人資,"30,000 / 月",1311,1
1748,人資專員,"22,000 / 月",1311,1
1749,專案助理,"438,345 / 年",1312,2
1750,廣告優化分析師,"41,000 / 月",1313,6
1751,法規專員,"45,000 / 月",1314,1
1752,軟體設計工程師,"34,000 / 月",1315,15
1753,生管工程師,"850,000 / 年",1315,15
1754,軟體工程師,"78,000 / 月",1316,1
1755,行政助理,"30,000 / 月",1317,6
1756,建築設計╱繪圖人員,"25,000 / 月",1318,5
1757,現場工程師,"35,000 / 月",1319,5
1758,老闆特助,"40,000 / 月",1320,6
1759,SALES PRODUCT MANAGER,"840,000 / 年",1321,8
1760,大木作師傅,"2,500 / 日",1322,16
1761,職員,"65,000 / 月",1322,16
1762,助教,"22,000 / 月",1323,2
1763,SQA INTERN,170 / 小時,1324,1
1764,PM,"42,000 / 月",1324,1
1765,工程師,"50,000 / 月",1325,8
1766,船務╱押匯╱報關人員,"28,000 / 月",1326,1
1767,業務助理,"28,000 / 月",1327,6
1768,業務銷售人員,"22,000 / 月",1328,17
1769,包裝員,"28,000 / 月",1329,6
1770,程式設計師,"27,000 / 月",1330,6
1771,軟體工程師,"46,000 / 月",1331,1
1772,教保員,"28,000 / 月",1332,9
1773,整合行銷企劃助理,"33,000 / 月",1333,1
1774,正職,"25,000 / 月",1334,6
1775,研發工程師,"22,000 / 月",1335,10
1776,廣告AE,"50,000 / 月",1336,2
1777,製程工程師,"39,000 / 月",1337,8
1778,外銷成衣船務助理,"33,000 / 月",1338,6
1779,護理師,"730,000 / 年",1339,5
1780,專員,"30,000 / 月",1340,5
1781,ITS 智慧運輸實習生,"6,000 / 月",1341,1
1782,軟體工程師,"22,000 / 月",1342,1
1783,專案企劃助理,"30,000 / 月",1343,1
1784,吧台手,125 / 小時,1344,2
1785,職員,"50,000 / 月",1345,1
1786,國內業務主管,"22,000 / 月",1346,6
1787,設計師,"25,000 / 月",1347,5
1788,職員,"2,500 / 日",1348,16
1789,助理工程師,"66,500 / 月",1349,8
1790,軟體工程師,"32,000 / 月",1350,1
1791,軟體工程師,"46,000 / 月",1351,1
1792,程式設計師,"36,000 / 月",1352,1
1793,辦事員,"29,000 / 月",1353,1
1794,TECHNICAL SUPPORT ENGINEER,"55,000 / 月",1354,11
1795,軟體相關專案管理師,"55,000 / 月",1355,1
1796,產品售後技術服務,"22,000 / 月",1356,1
1797,全職,"22,000 / 月",1357,5
1798,工程師,"35,000 / 月",1358,6
1799,工讀生,150 / 小時,1359,17
1800,企劃,"34,000 / 月",1360,8
1801,社群媒體小編,"32,000 / 月",1361,8
1802,企劃部,"40,000 / 月",1362,1
1803,業務,"32,000 / 月",1362,1
1804,軟體工程師,"35,000 / 月",1362,1
1805,岱瑪金誠行銷企劃,"28,000 / 月",1363,1
1806,韌體工程師,"77,000 / 月",1364,1
1807,國外業務人員,"70,000 / 月",1365,1
1808,國際業務,"45,000 / 月",1366,2
1809,景觀設計師,"24,000 / 月",1367,1
1810,品保,"22,000 / 月",1368,1
1811,財務專員,"30,000 / 月",1369,1
1812,資訊助理工程師,"32,000 / 月",1370,10
1813,機械設計╱繪圖人員,"500,000 / 年",1371,11
1814,作業員╱包裝員,"24,000 / 月",1372,4
1815,建築設計師,"40,000 / 月",1373,1
1816,房務員,"23,000 / 月",1374,2
1817,資深軟體工程師,"70,000 / 月",1375,1
1818,大型股發信人員,"12,000 / 月",1376,1
1819,限收股發信人員,140 / 小時,1376,1
1820,專員,"40,000 / 月",1377,11
1821,工程師,"50,000 / 月",1378,1
1822,CNC機台操作人員,"50,000 / 月",1379,15
1823,資深工程師,"60,000 / 月",1380,1
1824,助理工程師,"27,000 / 月",1381,1
1825,軟體工程師,"45,000 / 月",1382,6
1826,品保專員,"35,000 / 月",1383,4
1827,後製,"38,000 / 月",1384,1
1828,設計師,"32,000 / 月",1385,5
1829,助理,"23,100 / 月",1386,5
1830,業務,"50,000 / 月",1387,6
1831,電控工程師,"54,000 / 月",1388,8
1832,PM,"39,000 / 月",1389,1
1833,CLIENT ADVISER 諮詢顧問 / 台北,"30,000 / 月",1390,1
1834,IT工程師,"33,000 / 月",1391,4
1835,作業員╱包裝員,"30,000 / 月",1392,14
1836,營業專員,"24,100 / 月",1393,4
1837,設計師,"22,000 / 月",1394,2
1838,助理設計師,"28,000 / 月",1394,1
1839,軟體工程師,"50,000 / 月",1395,15
1840,網站行銷企劃,"40,000 / 月",1396,1
1841,AE,"900,000 / 年",1397,15
1842,工讀,150 / 小時,1398,19
1843,CNC電腦程式編排人員,"31,000 / 月",1399,14
1844,全職夥伴,"30,000 / 月",1400,2
1845,工程師,"32,000 / 月",1401,6
1846,資訊工讀生,"22,000 / 月",1402,1
1847,上釉學徒,"23,100 / 月",1403,16
1848,上釉人員,"25,000 / 月",1403,16
1849,技術助理,"22,000 / 月",1404,4
1850,作業員,"44,000 / 月",1405,5
1851,品保,"42,000 / 月",1406,11
1852,韌體設計工程師,"56,000 / 月",1407,6
1853,IE工程師,"32,000 / 月",1408,4
1854,網頁美術設計師,"28,000 / 月",1409,2
1855,記帳╱出納╱一般會計,"28,000 / 月",1410,19
1856,外場服務人員,150 / 日,1411,5
1857,軟體研發工程師,"31,000 / 月",1412,6
1858,電子工程師,"800,000 / 年",1413,8
1859,產品售後,"32,000 / 月",1414,2
1860,平面設計╱美編人員,"33,000 / 月",1415,6
1861,外場服務人員,150 / 小時,1416,5
1862,國外業務人員,"35,000 / 月",1417,5
1863,生產設備工程師,"740,000 / 年",1418,8
1864,研發工程師,"3,800 / 月",1418,8
1865,採購人員,"35,000 / 月",1419,2
1866,採購,"40,000 / 月",1419,2
1867,採購人員,"103,000 / 月",1420,15
1868,公共服務組-導覽員,"15,000 / 月",1421,5
1869,見習生,144 / 小時,1421,5
1870,小客車╱計程車及小貨車司機,"37,000 / 月",1422,6
1871,工程師,"22,000 / 月",1423,15
1872,助教,170 / 小時,1424,4
1873,電子工程師,"42,000 / 月",1425,6
1874,業務助理,"26,000 / 月",1426,5
1875,資深軟體工程師,"50,000 / 月",1427,1
1876,軟體工程師,"32,500 / 月",1428,6
1877,門市╱店員╱專櫃人員,110 / 小時,1429,14
1878,NPI PE,"55,000 / 月",1430,1
1879,輔導員,"22,000 / 月",1431,5
1880,課長,"55,000 / 月",1432,1
1881,監造工程師,"28,000 / 月",1433,2
1882,工讀生,160 / 小時,1434,2
1883,IT工程師,"40,900 / 月",1435,1
1884,封裝產品工程師,"53,000 / 月",1436,5
1885,國外業務,"33,000 / 月",1437,2
1886,專員,"22,000 / 月",1438,5
1887,軟體設計工程師,"60,000 / 月",1439,2
1888,藝術行政,"30,000 / 月",1440,1
1889,行銷企劃主管,"22,000 / 月",1441,1
1890,系統家具設計顧問,"23,000 / 月",1441,1
1891,服務員,150 / 小時,1442,1
1892,XDFCGVBHN,"22,000 / 月",1443,6
1893,設備高級工程師,"56,000 / 月",1444,10
1894,店員,"23,700 / 月",1445,4
1895,職員,"55,000 / 月",1446,22
1896,副理,"60,000 / 月",1447,1
1897,實習生,"21,000 / 月",1448,8
1898,國外業務人員,"31,000 / 月",1449,8
1899,美工企劃,"25,000 / 月",1450,5
1900,SALES,"28,000 / 月",1451,1
1901,設計美編人員,"32,000 / 月",1452,6
1902,專案助理,"22,000 / 月",1453,1
1903,課輔老師,"20,000 / 月",1454,19
1904,秘書,"28,000 / 月",1455,8
1905,助理研究員,"30,000 / 月",1456,1
1906,研究員,"50,000 / 月",1457,1
1907,研發工程師,"50,000 / 月",1458,2
1908,產品設計工程師,"37,000 / 月",1459,16
1909,專員,"50,000 / 月",1460,15
1910,一般員工,"22,000 / 月",1461,17
1911,授課講師,300 / 小時,1462,1
1912,品類企劃,"32,000 / 月",1463,1
1913,工讀生,109 / 小時,1464,1
1914,工程師,"70,000 / 月",1465,8
1915,網路新聞編輯,"28,000 / 月",1466,1
1916,系統工程師,"43,000 / 月",1467,1
1917,值班人員,"46,000 / 月",1467,1
1918,資深韌體工程師,"700,000 / 年",1468,15
1919,網路行銷,"28,000 / 月",1469,5
1920,行銷設計,"28,000 / 月",1470,5
1921,韌體工程師,"58,000 / 月",1471,6
1922,軟體工程師,"1,260,000 / 年",1472,10
1923,品管╱品保工程師,"22,000 / 月",1473,15
1924,業務助理,"22,050 / 月",1474,2
1925,行銷企劃人員,"22,000 / 月",1475,6
1926,汽車╱機車引擎技術人員,"43,900 / 月",1476,8
1927,FAE工程師,"36,500 / 月",1477,6
1928,軟韌體測試工程師,6 / 月,1478,1
1929,產品專員,"34,600 / 月",1479,1
1930,兼職清潔人員(萬能雜工),150 / 小時,1480,5
1931,晚班遊樂場兌幣員,115 / 小時,1481,5
1932,兼職餐飲助理(長期刊登職缺),125 / 小時,1482,5
1933,早班票亭人員,"25,000 / 月",1483,5
1934,程式設計師,"40,000 / 月",1484,1
1935,行銷專員,"26,000 / 月",1485,1
1936,平面設計╱美編人員,"22,000 / 月",1486,6
1937,軟體工程師,"27,000 / 月",1487,5
1938,軟體工程師,"30,000 / 月",1488,2
1939,科學講師（大陸),"35,000 / 月",1489,1
1940,編輯,"26,500 / 月",1490,1
1941,平面設計師,"28,000 / 月",1491,15
1942,副工程師,"43,000 / 月",1492,8
1943,HR,"85,000 / 月",1493,6
1944,財務人員,"42,000 / 月",1494,8
1945,研發工程師/CAE機構,"22,000 / 月",1495,6
1946,兼職,150 / 小時,1496,8
1947,物理治療師,"55,000 / 月",1497,1
1948,室內設計╱裝潢人員,"48,000 / 月",1498,2
1949,派遣,"38,250 / 月",1499,8
1950,測試工程師,"900,000 / 年",1500,10
1951,工程師,"4,000 / 月",1501,4
1952,助教,700 / 日,1502,2
1953,軟韌體測試工程師,"28,000 / 月",1503,6
1954,櫃臺行政,"26,000 / 月",1504,8
1955,IC 佈局工程師,"60,000 / 月",1505,4
1956,專任助理,"31,520 / 月",1506,1
1957,精品銷售人員,"23,100 / 月",1507,4
1958,行銷企劃人員,"30,000 / 月",1508,1
1959,業務專員,"40,000 / 月",1509,1
1960,專案經理,"50,000 / 月",1510,1
1961,行銷廣告文案,"530,000 / 年",1511,8
1962,設計師,"35,000 / 月",1512,1
1963,美工,"32,000 / 月",1513,1
1964,設計師,"40,000 / 月",1514,1
1965,設計師,"38,000 / 月",1515,6
1966,工程師,"40,000 / 月",1516,2
1967,軟韌體工程師,"52,000 / 月",1517,6
1968,實習生,"28,000 / 月",1518,15
1969,業務助理,"25,000 / 月",1519,6
1970,儀電助理工程師,"500,000 / 年",1520,8
1971,工程師,"22,000 / 月",1521,8
1972,產品企劃,"48,750 / 月",1522,1
1973,工程師,"45,000 / 月",1523,6
1974,研發工程師,"40,000 / 月",1524,6
1975,SD,"74,000 / 月",1525,15
1976,業務助理,"37,000 / 月",1526,6
1977,生產技術╱製程工程師,"37,000 / 月",1527,6
1978,軟體工程師,"450,000 / 月",1528,15
1979,衛生管理人員,"28,000 / 月",1529,6
1980,美術助理,"21,000 / 月",1530,6
1981,美術設計師,"40,000 / 月",1530,6
1982,設計專員,"26,500 / 月",1531,1
1983,設計師,"28,000 / 月",1531,1
1984,ACCOUNT,"22,000 / 月",1532,1
1985,美工,"24,000 / 月",1533,14
1986,食品研發人員,"35,000 / 月",1534,8
1987,經理,"80,000 / 月",1535,2
1988,外場服務工程師,95 / 小時,1536,2
1989,獸醫師,"800,000 / 年",1537,6
1990,打工,170 / 日,1538,2
1991,工程師,"44,000 / 月",1539,1
1992,菲律賓技術專員,"50,000 / 月",1540,1
1993,牙科助理,"30,000 / 月",1541,1
1994,鞋面車縫師,"27,000 / 月",1542,1
1995,機構工程師,"52,000 / 月",1543,1
1996,動畫師,"26,000 / 月",1544,1
1997,ARTIST,"33,000 / 月",1544,1
1998,軟體設計工程師,"70,000 / 月",1545,1
1999,資材高級工程師,"43,000 / 月",1546,8
2000,設計師,"42,000 / 月",1547,2
2001,助教,150 / 小時,1548,8
2002,ＭＩＳ,"40,000 / 月",1549,1
2003,業務專員,"540,000 / 年",1550,15
2004,業務助理,"22,000 / 月",1551,1
2005,工程師,"820,000 / 年",1552,1
2006,行銷專員,"34,200 / 月",1553,19
2007,工讀生,170 / 小時,1554,2
2008,實習生,"5,000 / 月",1555,6
2009,工程,"29,000 / 月",1556,2
2010,人資,"50,000 / 月",1557,1
2011,工程師,"45,000 / 月",1558,1
2012,軟體工程師,"360,000 / 月",1559,5
2013,PHP 程式設計師,"63,000 / 月",1560,1
2014,行銷企劃兼業務,"32,000 / 月",1561,1
2015,兼職講師,400 / 小時,1562,1
2016,平面設計╱美編人員實習生,"5,000 / 月",1562,1
2017,一般員工,"25,000 / 月",1562,1
2018,保全人員╱警衛,"38,000 / 月",1563,6
2019,編輯,"22,000 / 月",1564,6
2020,設計專員,"31,000 / 月",1565,1
2021,產品開發工程師,"47,000 / 月",1566,6
2022,行政助理,"25,000 / 月",1567,1
2023,客服,"22,000 / 月",1568,1
2024,美術設計,"32,000 / 月",1569,6
2025,設計,"32,000 / 月",1569,6
2026,研發工程師,"40,000 / 月",1570,2
2027,行政助理,"23,100 / 月",1571,1
2028,律師,"110,000 / 月",1572,2
2029,行銷企劃人員,"26,000 / 月",1573,5
2030,喔喔喔喔喔,"22,000 / 月",1574,1
2031,油炸手,"40,000 / 月",1575,1
2032,組裝,"26,000 / 月",1576,8
2033,約僱人員,"28,000 / 月",1577,15
2034,美編行政人員,"28,000 / 月",1578,8
2035,行銷企劃人員,"30,000 / 月",1579,1
2036,活動企劃人員,"30,000 / 月",1579,1
2037,牙醫助理,"23,000 / 月",1580,5
2038,PM,"22,000 / 月",1581,6
2039,軟體工程師,"70,000 / 月",1582,6
2040,外場,"18,000 / 月",1583,6
2041,店員,"78,000 / 月",1584,1
2042,機構工程師,"55,000 / 月",1585,1
2043,編目人員,"22,000 / 月",1586,4
2044,行政助理,"26,000 / 月",1587,4
2045,行銷企劃人員,"30,000 / 月",1588,6
2046,產品管理師,"43,000 / 月",1589,6
2047,臨時工,"20,008 / 月",1590,1
2048,口述歷史專員,"31,800 / 月",1591,2
2049,平面設計╱美編人員,"22,000 / 月",1592,4
2050,工讀生／特約記者,140 / 小時,1593,1
2051,PT,140 / 小時,1594,6
2052,理貨員,"22,000 / 月",1595,8
2053,暑期實習生,"22,000 / 月",1596,6
2054,教保員,"33,000 / 月",1597,19
2055,負責人,"22,000 / 月",1598,1
2056,OP╱旅行社人員,"34,000 / 月",1598,1
2057,客服,"40,000 / 月",1599,1
2058,業務,"22,000 / 月",1600,1
2059,產品企劃主管,"50,000 / 月",1601,1
2060,123,"123,123 / 月",1602,2
2061,顧客服務員,140 / 月,1603,2
2062,PT,140 / 小時,1603,5
2063,副理,"850,000 / 年",1604,4
2064,財會人員,"75,000 / 月",1605,1
2065,服務人員,"25,000 / 月",1606,6
2066,外場服務人員,170 / 小時,1607,2
2067,視覺設計,"40,000 / 月",1608,1
2068,設計,"28,000 / 月",1609,6
2069,業務,"19,000 / 月",1609,6
2070,業務助理,"28,000 / 月",1610,6
2071,房務工讀生,133 / 小時,1611,7
2072,服務生,120 / 小時,1612,1
2073,國際合作組組員,"22,000 / 月",1613,4
2074,客服小編,"22,000 / 月",1614,5
2075,機械工程師,"42,000 / 月",1615,2
2076,督導員,"34,000 / 月",1616,5
2077,會計人員,"29,000 / 月",1617,2
2078,會計專員,"30,000 / 月",1618,1
2079,壽險助理,"20,000 / 月",1619,6
2080,學徒,"30,000 / 月",1620,2
2081,學徒,"24,000 / 月",1621,14
2082,菜市場女裝銷售員,"30,000 / 月",1622,8
2083,菜市場女裝銷售,"22,000 / 月",1622,8
2084,ENGINEER,"45,000 / 月",1623,1
2085,高雄武德殿導覽員,"1,000 / 日",1624,5
2086,設計師,"35,000 / 月",1625,2
2087,保全人員╱警衛,"26,000 / 月",1626,5
2088,外場工讀生,150 / 小時,1627,22
2089,職員,"30,000 / 月",1628,1
2090,工程師,"45,000 / 月",1629,5
2091,行銷專員,"28,000 / 月",1630,1
2092,ㄧㄝㄨㄐㄧㄥㄌㄧ,"26,000 / 月",1631,1
2093,業務助理,"27,500 / 月",1632,1
2094,行政美編,"14,000 / 月",1633,1
2095,研發工程師,"42,700 / 月",1634,2
2096,工讀生,150 / 小時,1635,1
2097,會計專員,"28,500 / 月",1636,6
2098,外場人員,150 / 小時,1637,5
2099,生產設備工程師,"48,100 / 月",1638,2
2100,機構工程師,"32,500 / 月",1639,6
2101,模組工程師,"42,000 / 月",1640,6
2102,倉儲人員,133 / 小時,1641,2
2103,視覺設計電銷美編,"28,000 / 月",1642,1
2104,專員,"22,000 / 月",1643,16
2105,員工,"29,000 / 月",1644,2
2106,特勤保全,"38,000 / 月",1645,1
2107,網購經營人員,"25,000 / 月",1646,1
2108,約聘人員,"24,000 / 月",1647,5
2109,吧台手,133 / 小時,1648,6
2110,咖啡吧檯,140 / 小時,1649,2
2111,網拍助理,"1,000 / 日",1650,2
2112,業務助理,"30,000 / 月",1651,8
2113,約聘人員-常日班,"31,000 / 月",1652,4
2114,業務人員,"30,000 / 月",1653,14
2115,內場服務員,"22,000 / 月",1654,1
2116,組裝技術員,"22,000 / 月",1655,6
2117,網站開發人員,"600,000 / 月",1656,1
2118,秘書,"35,000 / 月",1657,1
2119,設計助理,"24,000 / 月",1658,4
2120,平面設計,"31,000 / 月",1659,1
2121,平面設計╱美編人員,"22,000 / 月",1660,2
2122,業務主任,"20,000 / 月",1661,1
2123,影音企劃,"32,000 / 月",1662,1
2124,護士,"36,000 / 月",1663,4
2125,設計助理,"23,000 / 月",1664,2
2126,實習生,150 / 日,1665,6
2127,外銷業務部客服,"48,500 / 月",1666,6
2128,工讀生,133 / 小時,1667,6
2129,美工,"26,000 / 月",1668,1
2130,工讀生,135 / 小時,1669,1
2131,美工,135 / 小時,1670,1
2132,資訊工程師,"60,000 / 月",1671,1
2133,國貿業務,"26,000 / 月",1672,2
2134,軟體設設工程師,"22,000 / 月",1673,6
2135,專案經理,"40,000 / 月",1674,1
2136,實習生,150 / 日,1675,1
2137,行銷企劃助理,"28,000 / 月",1675,1
2138,業務人員,"32,000 / 月",1676,1
2139,國外業務人員,"35,000 / 月",1677,1
2140,人資管理,"50,000 / 月",1678,2
2141,國內業務主管,700 / 日,1679,6
2142,設計部儲備幹部,"60,000 / 月",1680,1
2143,諮詢師,"28,000 / 月",1681,1
2144,活動企劃工讀生,140 / 小時,1682,6
2145,INTERN,"22,000 / 月",1683,1
2146,機械工程師,"30,000 / 月",1684,6
2147,電商行銷企劃人員,"27,000 / 月",1685,2
2148,美編人員,"28,000 / 月",1686,8
2149,國小安親班老師,"22,000 / 月",1687,6
2150,禮儀專員,"27,000 / 月",1688,5
2151,研究助理,"39,000 / 月",1689,6
2152,設計師,"31,000 / 月",1690,1
2153,OP╱旅行社人員,"25,000 / 月",1691,1
2154,工讀生,127 / 小時,1692,1
2155,設計人員-文化工作者,"27,000 / 月",1693,1
2156,現場工作人員,"22,000 / 月",1694,5
2157,平面設計╱美編人員,90 / 小時,1695,6
2158,美編設計人員,"28,000 / 月",1695,6
2159,門市人員,"26,000 / 月",1696,6
2160,諮詢師,"35,000 / 月",1697,1
2161,助理,"28,000 / 月",1698,6
2162,藝術行政 實習生,"22,000 / 月",1699,1
2163,行銷,"45,000 / 月",1700,10
2164,UI/UX 設計師,"390,000 / 年",1701,1
2165,OP,"32,000 / 月",1702,1
2166,助理人員,"28,000 / 月",1703,6
2167,資訊助理人員,"30,000 / 月",1703,6
2168,資訊管理,"29,000 / 月",1703,6
2169,設計,"28,000 / 月",1703,6
2170,醫療器材研發工程師,"600,000 / 月",1704,6
2171,網頁設計助理,"22,000 / 月",1705,1
2172,網購客服,"24,000 / 月",1706,5
2173,工程師,"34,000 / 月",1707,2
2174,人事專員,"40,000 / 月",1708,1
2175,實習生,"30,000 / 月",1709,6
2176,行政工讀,140 / 小時,1710,1
2177,國外業務人員,"45,000 / 月",1711,1
2178,英文職員,"28,500 / 月",1712,5
2179,OP,"40,000 / 月",1712,5
2180,行銷企劃,"35,000 / 月",1713,1
2181,國內業務人員,"21,000 / 月",1714,5
2182,設計助理,"27,000 / 月",1715,5
2183,診所助理,"22,000 / 月",1716,9
2184,都一樣啦,"22,000 / 月",1717,1
2185,資深工程師,"95,000 / 月",1718,15
2186,會計,"25,000 / 月",1719,2
2187,英文老師(中師、導師),"40,000 / 月",1720,8
2188,前端工程師,"42,000 / 月",1721,1
2189,產品設計師,"34,000 / 月",1721,1
2190,倉管助理,"25,000 / 月",1722,2
2191,寵物美容助理,"22,000 / 月",1723,3
2192,研發,"80,000 / 月",1724,10
2193,總務人員,"30,000 / 月",1725,8
2194,專案企劃,"28,000 / 月",1726,1
2195,實習生,"8,000 / 月",1727,1
2196,平面設計╱美編人員,"25,000 / 月",1728,2
2197,室內設計助理/工務助理,"26,000 / 月",1729,10
2198,主科培訓教師,"38,000 / 月",1730,2
2199,儲備老師,"28,000 / 月",1730,2
2200,實習生,"22,000 / 月",1731,1
2201,門市人員,"24,000 / 月",1732,2
2202,電話行銷人員,"30,000 / 月",1733,4
2203,保全人員╱警衛,"32,400 / 月",1734,6
2204,行政主管,"40,000 / 月",1735,1
2205,工程師,"22,000 / 月",1736,6
2206,電商,"22,000 / 月",1737,1
2207,營銷專員,"34,000 / 月",1738,1
2208,藝術行政,"30,000 / 月",1739,1
2209,員工,"30,000 / 月",1740,1
2210,門市╱店員╱專櫃人員,"30,000 / 月",1740,1
2211,行政,"22,000 / 月",1741,1
2212,業務專員,"34,000 / 月",1742,8
2213,工讀生,140 / 日,1743,1
2214,企劃,"35,000 / 月",1744,1
2215,專案執行,"37,000 / 月",1745,1
2216,網路行銷企劃,"26,500 / 月",1746,5
2217,店員,"30,000 / 月",1747,1
2218,網頁設計師,"22,000 / 月",1748,2
2219,門市╱店員╱專櫃人員,133 / 小時,1749,15
2220,測試工程師,"27,000 / 月",1750,6
2221,倉庫管理,"25,000 / 月",1751,6
2222,社工,"33,000 / 月",1752,8
2223,工程師,"40,000 / 月",1753,4
2224,工務助理,"23,000 / 月",1754,6
2225,硬體工程師,"50,000 / 月",1755,1
2226,PDM,"22,000 / 月",1755,1
2227,門市,"25,000 / 月",1756,7
2228,實習,"22,000 / 月",1757,16
2229,美容店長,"40,000 / 月",1758,1
2230,程式設計師,"45,000 / 月",1759,6
2231,業務,"30,000 / 月",1760,14
2232,國外業務人員,"40,000 / 月",1761,1
2233,行銷企劃,"22,000 / 月",1762,1
2234,實習生,4 / 月,1763,1
2235,行銷企劃,"30,000 / 月",1764,8
2236,平面設計╱美編人員,"32,000 / 月",1765,6
2237,儲備幹部,"50,000 / 月",1766,1
2238,助理,"22,000 / 月",1767,2
2239,物管副工程師,"27,000 / 月",1768,6
2240,助理導師,130 / 小時,1769,1
2241,網拍訂單人員,"26,000 / 月",1770,2
2242,作業員,"25,000 / 月",1771,5
2243,實習生,"22,000 / 月",1772,1
2244,工程師,"55,000 / 月",1773,2
2245,設計,"35,000 / 月",1774,1
2246,行政人員,"25,500 / 月",1775,6
2247,軟體設計工程師,"70,000 / 月",1776,1
2248,執行班主任,"60,000 / 月",1777,1
2249,店員,"26,000 / 月",1778,1
2250,設計專案助理,"31,000 / 月",1779,6
2251,櫃員,"29,870 / 月",1780,6
2252,韌體工程師,"40,000 / 月",1781,6
2253,工讀生,"22,000 / 月",1782,4
2254,家教老師,"3,200 / 月",1783,8
2255,.,"22,000 / 月",1784,1
2256,企劃,"600,000 / 年",1785,1
2257,貿XX廣單位:專員,"34,000 / 月",1786,1
2258,專案助理,"35,000 / 月",1787,2
2259,視覺設計,"32,000 / 月",1788,1
2260,針織商品助理,"410,000 / 年",1789,1
2261,平面設計,"22,000 / 月",1790,1
2262,實習生,"15,000 / 月",1791,6
2263,店襄理,"26,500 / 月",1792,6
2264,線切割技術員,"40,000 / 月",1793,5
2265,樓層主管,"29,000 / 月",1794,1
2266,平面設計,"22,000 / 月",1795,4
2267,設計助理,120 / 小時,1796,6
2268,工讀,"1,200 / 日",1797,6
2269,道具學徒,"25,000 / 月",1798,16
2270,美術老師,70 / 小時,1799,1
2271,保險業務員,"30,000 / 月",1800,5
2272,軟體工程師,"40,000 / 月",1801,5
2273,軟體工程師,"55,000 / 月",1802,1
2274,工程師,"55,000 / 月",1802,1
2275,會計,"28,000 / 月",1803,1
2276,企業服務部開發組專員,"22,000 / 月",1804,1
2277,兼職英語教材編輯,"22,000 / 月",1805,1
2278,編輯,"35,000 / 月",1806,6
2279,編輯,"38,000 / 月",1807,1
2280,平面設計師,"28,000 / 月",1808,6
2281,行銷企劃人員,"30,000 / 月",1809,1
2282,副主任,"400,000 / 年",1810,1
2283,兼職假日,150 / 小時,1811,15
2284,美術設計,"32,000 / 月",1812,1
2285,門市人員,"25,000 / 月",1813,14
2286,國內業務人員,"40,000 / 月",1814,1
2287,業務,"35,000 / 月",1814,1
2288,訊號量測工程師,"310,000 / 月",1815,1
2289,操作員,"30,000 / 月",1816,2
2290,計時員工,140 / 小時,1817,23
2291,暑期實習,"22,000 / 月",1818,1
2292,上下料作業員,"23,000 / 月",1819,6
2293,(所有的職位),"22,000 / 月",1820,1
2294,經理,"1,200,000 / 年",1821,15
2295,影音企劃,"28,000 / 月",1822,5
2296,初階網頁設計師,"25,000 / 月",1823,1
2297,網頁美編,"22,000 / 月",1823,1
2298,初階網頁設計師,"25,000 / 月",1824,1
2299,平面/UI設計師,"35,000 / 月",1825,1
2300,研發工程師,"27,000 / 月",1826,5
2301,軟體工程師,"35,000 / 月",1827,1
2302,外務司機,"35,000 / 月",1828,2
2303,行政助理,"17,250 / 月",1829,5
2304,工程師,"48,833 / 月",1830,8
2305,PT,"22,000 / 月",1831,2
2306,3C產品測試與包裝員,"22,000 / 月",1832,6
2307,禮服設計助理,"29,000 / 月",1833,1
2308,監工實習,"12,000 / 月",1834,5
2309,CNC銑床技術員,"31,000 / 月",1835,6
2310,倉儲人員,"22,000 / 月",1836,1
2311,平面設計,"30,000 / 月",1837,1
2312,活動企劃,"25,000 / 月",1837,1
2313,行銷管理師,"32,000 / 月",1838,6
2314,研究助理,"36,050 / 月",1839,1
2315,約僱人員,"33,908 / 月",1840,1
2316,業務,"27,000 / 月",1841,6
2317,OP,"28,000 / 月",1842,1
2318,美術設計,"26,000 / 月",1843,8
2319,製程工程師,"42,000 / 月",1844,5
2320,廚務人員,"26,000 / 月",1845,5
2321,業務,"55,000 / 月",1846,1
2322,平面設計,"26,000 / 月",1847,1
2323,門市人員,"28,000 / 月",1848,1
2324,午班兼職,140 / 小時,1849,1
2325,日文手配OP,"28,000 / 月",1850,1
2326,設計師,"26,000 / 月",1851,4
2327,設計助理,"25,000 / 月",1851,4
2328,工讀生,120 / 小時,1852,1
2329,資安工程師,"30,000 / 月",1853,1
2330,工程師,"40,000 / 月",1854,2
2331,ANDROID軟體工程師,"53,000 / 月",1855,6
2332,景觀設計師(設計助理),"30,000 / 月",1856,1
2333,SOFTWARE ENGINEER,"22,000 / 月",1857,1
2334,教師,"30,000 / 月",1858,5
2335,社工人員,"30,000 / 月",1859,5
2336,設計師實習生,"22,000 / 月",1860,2
2337,平面設計╱美編人員,"30,000 / 月",1861,1
2338,內場,"22,000 / 月",1862,4
2339,資深設計,"28,000 / 月",1863,2
2340,國貿人員,"30,000 / 月",1864,5
2341,解題老師,144 / 小時,1865,1
2342,平面設計╱美編人員,"22,000 / 月",1866,4
2343,ENGINEER,"35,000 / 月",1867,6
2344,工程師,"22,000 / 月",1868,1
2345,全部,"22,000 / 月",1868,1
2346,開發部,"437,500 / 年",1869,1
2347,國內業務人員,"33,000 / 月",1870,1
2348,研究助理,"22,000 / 月",1871,4
2349,行銷助理,"18,000 / 月",1872,19
2350,秘書,"24,000 / 月",1873,2
2351,設計助理,"28,000 / 月",1874,6
2352,行政助理,"23,000 / 月",1875,1
2353,ＡＭ,"53,000 / 月",1876,1
2354,工程師,"31,000 / 月",1877,4
2355,車間,"21,000 / 月",1878,4
2356,數學老師,400 / 小時,1879,10
2357,平面設計,"28,000 / 月",1880,6
2358,業務助理,"26,000 / 月",1881,8
2359,理財專員,"34,000 / 月",1882,1
2360,正職,"33,000 / 月",1883,6
2361,外場主管,"35,000 / 月",1884,1
2362,機械加工技術人員,"35,000 / 月",1885,8
2363,事務員,"27,500 / 月",1886,1
2364,軟體測試工程,"35,000 / 月",1887,6
2365,餐飲服務生,"28,000 / 月",1888,1
2366,倉管人員,"30,000 / 月",1889,8
2367,系統工程師,"23,000 / 月",1890,2
2368,外勤電腦維護人員,"25,000 / 月",1891,2
2369,設計,"32,000 / 月",1892,15
2370,攝影助理,"17,000 / 月",1893,5
2371,作業員,"30,000 / 月",1894,14
2372,國外業務人員,"22,000 / 月",1895,6
2373,客服專員,"26,000 / 月",1896,6
2374,產品經理,"80,000 / 月",1897,1
2375,維修工程師,"26,000 / 月",1898,6
2376,店長,"60,000 / 月",1899,6
2377,行政,"31,000 / 月",1900,8
2378,管理部協理,"31,000 / 月",1901,5
2379,門市人員,106 / 小時,1902,1
2380,站長,"33,000 / 月",1903,1
2381,音樂老師,350 / 小時,1904,19
2382,專員,"35,000 / 月",1905,1
2383,計畫助理,"33,000 / 月",1906,19
2384,大貨車及其他類司機,"42,000 / 月",1907,5
2385,技術人員,"390,000 / 年",1908,2
2386,辦公室人員,"25,000 / 月",1909,14
2387,英文專員,"24,000 / 月",1910,5
2388,業務助理,"28,000 / 月",1911,5
2389,程式設計師,"33,000 / 月",1912,1
2390,PT工讀生,126 / 小時,1913,1
2391,國內業務人員,"35,000 / 月",1914,6
2392,門市人員,"25,000 / 月",1915,7
2393,網頁設計師,"36,000 / 月",1916,1
2394,美編,"24,000 / 月",1917,6
2395,行政助理,125 / 小時,1918,1
2396,店長,"50,000 / 月",1919,3
2397,機構工程師,"55,000 / 月",1920,11
2398,行政櫃台,"27,000 / 月",1921,10
2399,法務人員,"35,000 / 月",1922,2
2400,財務副理,"55,000 / 月",1923,1
2401,數位IC設計工程師,"65,000 / 月",1924,15
2402,司機,"45,000 / 月",1925,8
2403,資深專員,"1,100,000 / 年",1926,1
2404,外場服務生,95 / 小時,1927,16
2405,業代,"36,000 / 月",1928,6
2406,門市人員,133 / 小時,1929,5
2407,店經理,"40,000 / 月",1930,2
2408,光學工程師,"70,000 / 月",1931,8
2409,人資經理,"60,000 / 月",1932,6
2410,行政,"22,000 / 月",1933,4
2411,平面設計╱美編人員,"40,000 / 月",1934,1
2412,MIS╱網管主管,"43,000 / 月",1935,6
2413,廚房助理,"9,000 / 月",1936,11
2414,網頁設計美編,"26,000 / 月",1937,1
2415,製程實習生,"35,000 / 月",1938,6
2416,護理師及護士,"40,000 / 月",1939,6
2417,後加工人員,"32,000 / 月",1940,2
2418,外場服務員,"35,000 / 月",1941,5
2419,儲備幹部,"31,000 / 月",1942,1
2420,學生,"22,000 / 月",1943,1
2421,正職,"28,000 / 月",1944,2
2422,專案執行,"47,000 / 月",1945,1
2423,軟體工程師,"31,600 / 月",1946,1
2424,業務襄理,"30,000 / 月",1947,1
2425,國貿人員,"30,000 / 月",1948,17
2426,門市,"22,000 / 月",1949,6
2427,助理,"28,000 / 月",1950,5
2428,副工程師,"30,000 / 月",1951,1
2429,船務,"35,000 / 月",1952,6
2430,行政人員,"25,000 / 月",1953,1
2431,行政櫃檯,"22,000 / 月",1954,4
2432,DESIGNER,"32,000 / 月",1955,1
2433,網路客服(諮詢),"30,000 / 月",1956,1
2434,G.O,"22,000 / 月",1957,1
2435,文案企劃,"40,000 / 月",1958,1
2436,會計,"22,000 / 月",1959,2
2437,PM,"30,000 / 月",1960,6
2438,經理,"22,000 / 月",1961,1
2439,股東會工讀生,"23,000 / 月",1962,1
2440,門市╱店員╱專櫃人員,133 / 小時,1963,5
2441,櫃檯接待員,"26,000 / 月",1964,8
2442,專員,"22,000 / 月",1965,1
2443,節目助理,"26,000 / 月",1966,1
2444,網路工程師,"35,000 / 月",1967,1
2445,廣告文案╱企劃,"32,000 / 月",1968,1
2446,採購專員,"33,000 / 月",1969,8
2447,實習生,108 / 小時,1970,6
2448,營業員,"27,000 / 月",1971,5
2449,專櫃人員,"27,000 / 月",1972,15
2450,工讀,"20,000 / 月",1973,8
2451,打雜,"3,000 / 月",1974,19
2452,主辦會計,"52,000 / 月",1975,1
2453,工業設計,"28,000 / 月",1976,1
2454,組員,"35,000 / 月",1977,5
2455,船務人員,"37,000 / 月",1978,1
2456,漫畫美術編輯,"32,000 / 月",1979,1
2457,美術編輯,"28,500 / 月",1980,1
2458,作業員,"23,000 / 月",1981,8
2459,員工,"22,000 / 月",1981,8
2460,印前製作╱印刷技術人員,"22,000 / 月",1982,2
2461,網頁設計,"28,000 / 月",1983,2
2462,小嫩嫩專員,"22,000 / 月",1984,1
2463,業務,"37,000 / 月",1985,2
2464,員工,"25,500 / 月",1986,2
2465,美工設計,"26,500 / 月",1987,5
2466,無,"30,000 / 月",1988,6
2467,美妝影片剪接後製 專員,133 / 小時,1989,6
2468,研發助理工程師,"40,000 / 月",1990,16
2469,店員,"25,200 / 月",1991,4
2470,平面設計,"30,000 / 月",1992,1
2471,生命禮儀師,"25,000 / 月",1993,6
2472,工讀生,130 / 小時,1994,1
2473,美工,"22,000 / 月",1995,5
2474,生態調查人員,"35,000 / 月",1996,2
2475,工程師,"35,000 / 月",1997,6
2476,行政人員,"25,000 / 月",1998,1
2477,視覺設計師,"35,000 / 月",1999,1
2478,不方便說,"40,000 / 月",2000,1
2479,OP,"27,000 / 月",2001,1
2480,編輯,"26,000 / 月",2002,1
2481,產品工程師,"34,000 / 月",2003,2
2482,作業員,"22,000 / 月",2004,5
2483,程式,"22,000 / 月",2005,1
2484,PLANNER,"22,000 / 月",2005,1
2485,創意,"22,000 / 月",2005,1
2486,招商處企劃專員,"500,000 / 年",2006,1
2487,工程師,"22,000 / 月",2007,1
2488,就業服務員,"31,930 / 月",2008,19
